-- phpMyAdmin SQL Dump
-- version 5.2.0
-- https://www.phpmyadmin.net/
--
-- Host: localhost:3306
-- Generation Time: Jun 05, 2025 at 02:15 PM
-- Server version: 8.0.30
-- PHP Version: 8.1.10

SET SQL_MODE = "NO_AUTO_VALUE_ON_ZERO";
START TRANSACTION;
SET time_zone = "+00:00";


/*!40101 SET @OLD_CHARACTER_SET_CLIENT=@@CHARACTER_SET_CLIENT */;
/*!40101 SET @OLD_CHARACTER_SET_RESULTS=@@CHARACTER_SET_RESULTS */;
/*!40101 SET @OLD_COLLATION_CONNECTION=@@COLLATION_CONNECTION */;
/*!40101 SET NAMES utf8mb4 */;

--
-- Database: `noteselling-wirpl`
--

-- --------------------------------------------------------

--
-- Table structure for table `courses`
--

CREATE TABLE `courses` (
  `course_id` int NOT NULL,
  `course_name` varchar(100) NOT NULL,
  `description` text,
  `created_at` datetime DEFAULT CURRENT_TIMESTAMP
) ENGINE=InnoDB DEFAULT CHARSET=utf8mb4 COLLATE=utf8mb4_0900_ai_ci;

--
-- Dumping data for table `courses`
--

INSERT INTO `courses` (`course_id`, `course_name`, `description`, `created_at`) VALUES
(1, 'Algoritma dan Pemrograman', 'Quos rem quam quod doloribus molestias. Quia in nemo id nisi. Optio quidem numquam.', '2025-01-14 08:18:52'),
(2, 'Struktur Data', 'Aliquid at nulla modi officia neque totam in.\nHarum tempore incidunt ab numquam sapiente. Repellendus nesciunt unde amet consequuntur ea commodi.', '2025-01-28 14:40:07'),
(3, 'Basis Data', 'Molestias dolorem non ut quidem.', '2025-02-24 02:15:32'),
(4, 'Jaringan Komputer', 'Dignissimos recusandae reiciendis modi. Voluptates aut placeat doloribus.', '2025-02-19 20:09:38'),
(5, 'Sistem Operasi', 'Quibusdam iure accusantium velit at nemo nam et. Natus veritatis sed similique.', '2025-02-15 09:39:53'),
(6, 'Pemrograman Web', 'Atque numquam illum exercitationem qui.\nMaiores magni ducimus doloribus laborum nihil. Exercitationem modi provident voluptatibus.', '2025-01-30 11:31:27'),
(7, 'Kecerdasan Buatan', 'Illum velit placeat perferendis dicta. Corporis nam illum inventore accusamus tempore.', '2025-02-12 21:54:29'),
(8, 'Machine Learning', 'Ab molestias magni esse voluptatum sit facilis quidem. Nesciunt ratione harum iure inventore. Error eaque veniam ad aliquid sint.', '2025-01-11 09:02:59'),
(9, 'Pengembangan Aplikasi Mobile', 'Numquam quibusdam dolores accusantium architecto officia illo.', '2025-01-13 22:18:45'),
(10, 'Keamanan Informasi', 'Eos voluptatum exercitationem fuga ipsum repellendus. Sequi tempore at consequuntur voluptatum. Modi maiores cum earum delectus provident veritatis.', '2025-01-29 07:18:13'),
(11, 'Rekayasa Perangkat Lunak', 'Quis soluta numquam delectus. A iusto aliquam officia amet.', '2025-01-23 05:53:26'),
(12, 'Komputasi Paralel', 'Architecto ducimus ea laborum. Dignissimos quisquam itaque architecto sapiente quibusdam.', '2025-01-31 05:53:23'),
(13, 'Data Mining', 'Iusto exercitationem ea odio error. Natus eius iure doloremque.\nA quia exercitationem qui cumque. Libero pariatur deleniti fugiat aut voluptas saepe.', '2025-01-18 03:59:50'),
(14, 'Cloud Computing', 'Laudantium doloremque saepe cupiditate eum. Repellendus consequatur occaecati possimus magni tempora eligendi.', '2025-02-20 22:17:01'),
(15, 'Internet of Things (IoT)', 'Laudantium nemo alias placeat temporibus iusto. Sapiente tempore accusamus et nisi.\nUt tenetur ipsam voluptatibus architecto veritatis quos.', '2025-02-23 07:19:53');

-- --------------------------------------------------------

--
-- Table structure for table `favorites`
--

CREATE TABLE `favorites` (
  `favorite_id` int NOT NULL,
  `buyer_id` int NOT NULL,
  `material_id` int NOT NULL,
  `added_date` datetime DEFAULT CURRENT_TIMESTAMP
) ENGINE=InnoDB DEFAULT CHARSET=utf8mb4 COLLATE=utf8mb4_0900_ai_ci;

--
-- Dumping data for table `favorites`
--

INSERT INTO `favorites` (`favorite_id`, `buyer_id`, `material_id`, `added_date`) VALUES
(1, 431, 56, '2025-02-11 22:08:12'),
(3, 447, 56, '2025-01-03 07:18:17'),
(4, 503, 77, '2025-01-09 17:21:09'),
(8, 407, 136, '2025-02-06 20:25:05'),
(9, 561, 5, '2025-02-23 06:33:46'),
(13, 629, 51, '2025-03-01 02:42:24'),
(25, 601, 142, '2025-01-15 07:48:15'),
(26, 628, 138, '2025-03-03 05:18:43'),
(28, 602, 87, '2025-02-20 00:28:52'),
(29, 413, 9, '2025-01-03 03:27:17'),
(30, 405, 9, '2025-02-11 08:10:36'),
(31, 486, 10, '2025-02-13 00:51:39'),
(33, 625, 87, '2025-03-12 11:45:58'),
(34, 453, 4, '2025-01-28 07:03:16'),
(39, 425, 131, '2025-02-05 03:29:10'),
(49, 547, 113, '2025-01-12 19:05:15'),
(51, 621, 4, '2025-01-22 01:18:39'),
(56, 529, 40, '2025-03-10 02:50:15'),
(65, 571, 33, '2025-02-17 01:01:43'),
(66, 635, 29, '2025-02-27 20:05:16'),
(72, 484, 11, '2025-01-17 01:25:41'),
(78, 481, 124, '2025-01-29 23:24:07'),
(83, 636, 89, '2025-01-13 08:18:51'),
(85, 523, 44, '2025-02-22 11:04:22'),
(89, 578, 115, '2025-02-28 10:55:32'),
(91, 574, 133, '2025-01-23 13:44:23'),
(92, 607, 83, '2025-01-20 22:00:09'),
(94, 499, 50, '2025-02-17 23:00:29'),
(111, 550, 126, '2025-01-15 07:03:49'),
(115, 487, 32, '2025-02-19 15:59:22'),
(118, 639, 52, '2025-03-09 12:59:50'),
(120, 418, 74, '2025-01-02 00:26:03'),
(122, 467, 72, '2025-01-28 02:49:42'),
(128, 619, 115, '2025-01-15 02:02:58'),
(129, 422, 11, '2025-01-26 21:11:15'),
(131, 615, 110, '2025-02-15 06:05:56'),
(134, 527, 133, '2025-01-03 17:47:07'),
(135, 468, 121, '2025-01-09 13:01:34'),
(138, 461, 32, '2025-01-21 12:12:08'),
(139, 410, 14, '2025-02-24 11:03:14'),
(140, 505, 31, '2025-02-22 08:39:15'),
(142, 411, 71, '2025-02-15 14:03:26'),
(144, 570, 72, '2025-01-05 17:22:49'),
(147, 420, 50, '2025-01-27 17:06:31'),
(153, 436, 2, '2025-01-06 12:46:35'),
(154, 627, 61, '2025-01-12 21:45:17'),
(162, 427, 128, '2025-01-22 09:26:48'),
(165, 553, 44, '2025-01-21 18:11:44'),
(166, 565, 136, '2025-03-12 13:42:06'),
(167, 443, 1, '2025-01-17 21:39:39'),
(173, 631, 142, '2025-02-04 15:43:10'),
(180, 437, 63, '2025-02-17 07:58:19'),
(184, 634, 14, '2025-01-21 19:19:13'),
(185, 403, 8, '2025-01-03 15:07:46'),
(186, 521, 142, '2025-01-16 03:32:54'),
(189, 404, 75, '2025-01-18 16:38:20'),
(198, 506, 57, '2025-01-01 06:21:49'),
(202, 607, 121, '2025-02-19 15:51:12'),
(203, 547, 121, '2025-01-06 19:05:36'),
(213, 590, 106, '2025-03-02 23:38:52'),
(220, 405, 9, '2025-02-22 00:23:36'),
(222, 639, 105, '2025-01-10 17:13:11'),
(231, 561, 113, '2025-02-10 22:15:01'),
(233, 458, 126, '2025-01-23 05:06:11'),
(236, 543, 114, '2025-02-28 02:46:16'),
(237, 638, 59, '2025-02-22 22:04:12'),
(238, 519, 128, '2025-01-07 13:08:45'),
(241, 623, 23, '2025-01-28 05:01:58'),
(243, 468, 68, '2025-01-16 06:43:53'),
(256, 545, 11, '2025-02-27 14:10:30'),
(268, 550, 67, '2025-01-06 13:55:21'),
(269, 556, 23, '2025-01-17 09:53:44'),
(270, 557, 66, '2025-02-21 04:37:22'),
(274, 576, 72, '2025-02-14 16:06:29'),
(279, 600, 3, '2025-01-05 00:28:22'),
(280, 603, 14, '2025-02-16 01:42:38'),
(285, 487, 86, '2025-02-28 23:48:38'),
(287, 530, 46, '2025-03-08 18:03:09'),
(299, 537, 32, '2025-01-19 02:45:29'),
(300, 567, 98, '2025-01-30 18:14:42'),
(301, 566, 47, '2025-01-16 06:28:06'),
(302, 530, 20, '2025-01-31 21:23:30'),
(308, 577, 57, '2025-02-27 14:15:16'),
(309, 462, 18, '2025-03-01 18:24:54'),
(315, 495, 29, '2025-02-16 09:20:00'),
(318, 529, 58, '2025-01-09 09:28:21'),
(323, 449, 6, '2025-01-21 15:22:19'),
(331, 457, 38, '2025-02-14 03:03:39'),
(335, 424, 114, '2025-01-23 15:54:12'),
(356, 469, 125, '2025-02-16 02:16:42'),
(362, 576, 76, '2025-01-15 01:22:10'),
(366, 520, 54, '2025-01-01 10:54:58'),
(371, 440, 74, '2025-03-01 03:18:15'),
(375, 530, 142, '2025-02-03 00:09:55'),
(376, 439, 11, '2025-02-25 05:11:06'),
(377, 407, 4, '2025-03-01 16:20:49'),
(383, 584, 90, '2025-01-08 15:09:45'),
(387, 495, 8, '2025-01-01 23:49:52'),
(388, 496, 103, '2025-02-24 14:48:57'),
(389, 590, 20, '2025-02-14 18:15:27'),
(393, 603, 4, '2025-01-05 23:00:31'),
(394, 402, 89, '2025-01-10 21:38:58'),
(398, 438, 113, '2025-02-12 01:51:08'),
(400, 452, 5, '2025-01-20 21:21:59'),
(411, 563, 59, '2025-02-15 13:35:42'),
(420, 538, 49, '2025-01-05 14:15:47'),
(422, 567, 133, '2025-03-02 21:14:48'),
(423, 565, 50, '2025-01-20 02:18:29'),
(426, 545, 68, '2025-03-06 12:26:37'),
(432, 418, 7, '2025-01-11 21:03:17'),
(440, 504, 20, '2025-01-04 06:49:52'),
(444, 597, 5, '2025-01-24 04:12:29'),
(451, 492, 110, '2025-03-05 02:03:09'),
(453, 594, 90, '2025-02-25 23:06:13'),
(459, 587, 66, '2025-01-31 15:06:00'),
(460, 544, 38, '2025-01-06 12:38:19'),
(461, 470, 125, '2025-02-10 14:56:50'),
(467, 548, 38, '2025-02-14 00:23:02'),
(468, 440, 38, '2025-03-01 07:29:39'),
(470, 474, 77, '2025-01-17 22:37:30'),
(474, 553, 72, '2025-03-02 06:22:12'),
(483, 473, 3, '2025-01-07 07:00:15'),
(486, 618, 1, '2025-01-07 07:06:08'),
(488, 485, 105, '2025-02-07 22:42:37'),
(495, 444, 136, '2025-02-09 08:54:28'),
(497, 574, 86, '2025-01-28 12:16:00'),
(503, 525, 109, '2025-02-09 21:21:15'),
(514, 594, 4, '2025-01-24 04:41:24'),
(536, 627, 88, '2025-01-01 12:39:03'),
(540, 587, 138, '2025-03-05 03:19:36'),
(542, 415, 100, '2025-01-24 05:05:13'),
(544, 626, 56, '2025-02-18 20:04:32'),
(548, 524, 2, '2025-01-29 16:40:44'),
(558, 450, 127, '2025-01-31 19:21:57'),
(560, 509, 72, '2025-01-18 08:28:38'),
(563, 637, 69, '2025-02-19 09:27:57'),
(565, 565, 49, '2025-02-27 19:25:22'),
(578, 536, 87, '2025-02-07 18:23:42'),
(581, 540, 19, '2025-02-03 16:50:42'),
(587, 633, 3, '2025-02-27 02:03:33'),
(589, 453, 23, '2025-01-14 12:30:37'),
(602, 441, 75, '2025-03-06 12:39:43'),
(606, 428, 7, '2025-01-07 06:02:37'),
(608, 445, 58, '2025-01-20 13:47:15'),
(612, 528, 47, '2025-01-16 18:37:28'),
(617, 491, 95, '2025-02-25 13:59:47'),
(625, 527, 51, '2025-01-25 06:09:06'),
(626, 544, 57, '2025-02-11 21:36:05'),
(627, 405, 78, '2025-01-08 07:21:41'),
(630, 625, 7, '2025-03-01 11:04:20'),
(633, 408, 98, '2025-03-04 13:30:58'),
(640, 584, 34, '2025-01-20 03:11:16'),
(644, 627, 114, '2025-01-31 10:41:56'),
(656, 557, 142, '2025-02-12 03:59:06'),
(657, 531, 105, '2025-01-01 20:47:25'),
(659, 455, 133, '2025-01-02 21:29:03'),
(661, 535, 112, '2025-02-19 05:38:08'),
(668, 468, 38, '2025-03-08 14:14:29'),
(669, 499, 75, '2025-03-12 17:42:26'),
(670, 439, 23, '2025-02-07 05:55:42'),
(675, 526, 91, '2025-02-22 08:55:33'),
(681, 607, 20, '2025-02-16 11:38:02'),
(687, 564, 44, '2025-02-12 00:43:40'),
(691, 477, 138, '2025-02-02 01:43:11'),
(693, 512, 68, '2025-01-22 10:48:38'),
(694, 467, 83, '2025-02-26 16:39:10'),
(695, 629, 63, '2025-03-11 12:49:57'),
(696, 457, 72, '2025-02-04 17:10:45'),
(700, 446, 110, '2025-01-23 01:02:04'),
(708, 557, 124, '2025-01-06 16:02:42'),
(710, 481, 52, '2025-02-20 15:41:47'),
(711, 585, 133, '2025-01-27 01:02:29'),
(735, 499, 142, '2025-01-14 07:42:43'),
(742, 612, 143, '2025-02-12 00:46:35'),
(750, 551, 89, '2025-02-02 15:36:52'),
(756, 592, 44, '2025-02-14 00:05:03'),
(758, 414, 29, '2025-01-29 10:41:00'),
(760, 516, 83, '2025-02-26 04:52:58'),
(764, 595, 9, '2025-03-04 02:13:21'),
(773, 401, 9, '2025-02-26 12:40:08'),
(776, 441, 11, '2025-03-11 03:01:43'),
(780, 434, 136, '2025-02-23 05:49:45'),
(782, 464, 67, '2025-02-18 17:33:01'),
(783, 449, 91, '2025-01-08 00:20:15'),
(791, 522, 74, '2025-01-03 18:37:46'),
(793, 520, 18, '2025-01-18 00:37:20'),
(794, 565, 17, '2025-02-05 02:46:05'),
(806, 540, 126, '2025-02-05 05:06:35'),
(813, 407, 77, '2025-02-19 08:41:34'),
(814, 494, 112, '2025-01-15 02:25:31'),
(818, 430, 9, '2025-01-01 09:53:51'),
(822, 456, 105, '2025-01-07 01:57:02'),
(828, 522, 9, '2025-01-30 16:39:43'),
(829, 572, 32, '2025-01-29 19:06:58'),
(832, 500, 88, '2025-03-07 03:04:24'),
(841, 639, 10, '2025-01-31 06:10:00'),
(843, 552, 136, '2025-03-11 21:24:24'),
(847, 625, 56, '2025-02-24 16:14:16'),
(849, 457, 54, '2025-02-21 17:25:46'),
(854, 602, 8, '2025-02-26 07:11:58'),
(860, 588, 11, '2025-02-04 21:33:12'),
(863, 414, 51, '2025-03-08 03:07:28'),
(866, 561, 75, '2025-01-08 03:54:08'),
(870, 544, 134, '2025-02-15 22:18:23'),
(875, 508, 74, '2025-02-09 04:37:34'),
(876, 594, 76, '2025-01-06 06:37:14'),
(877, 491, 71, '2025-02-21 12:18:40'),
(885, 524, 56, '2025-01-03 16:35:25'),
(891, 465, 84, '2025-02-23 08:11:03'),
(893, 500, 71, '2025-02-25 21:13:54'),
(895, 452, 91, '2025-01-10 09:42:40'),
(896, 544, 138, '2025-03-10 01:43:54'),
(899, 505, 61, '2025-02-21 21:02:43'),
(900, 515, 10, '2025-02-01 01:20:07'),
(902, 493, 91, '2025-01-11 02:31:13'),
(910, 624, 3, '2025-01-27 18:05:39'),
(920, 637, 16, '2025-03-12 07:39:32'),
(924, 458, 70, '2025-03-11 22:37:05'),
(926, 489, 69, '2025-02-09 21:53:45'),
(934, 629, 76, '2025-03-06 00:25:23'),
(945, 412, 142, '2025-03-03 16:31:32'),
(950, 572, 126, '2025-03-09 18:21:38'),
(952, 593, 76, '2025-02-16 03:57:15'),
(953, 496, 88, '2025-02-04 00:36:21'),
(960, 486, 105, '2025-03-07 17:37:26'),
(962, 514, 47, '2025-01-12 00:06:51'),
(967, 549, 28, '2025-02-16 09:54:16'),
(973, 565, 106, '2025-03-04 03:21:47'),
(982, 585, 74, '2025-02-26 01:20:07'),
(986, 628, 106, '2025-01-20 09:48:20'),
(993, 540, 113, '2025-01-17 22:27:15');

-- --------------------------------------------------------

--
-- Table structure for table `materials`
--

CREATE TABLE `materials` (
  `material_id` int NOT NULL,
  `seller_id` int NOT NULL,
  `title` varchar(255) NOT NULL,
  `course_id` int NOT NULL,
  `materi` varchar(100) NOT NULL,
  `category` enum('Lecture Notes','Summaries','Assignments','Others') DEFAULT 'Others',
  `description` text,
  `file_path` varchar(255) NOT NULL,
  `file_size` int NOT NULL,
  `price` decimal(10,2) NOT NULL DEFAULT '0.00',
  `status` enum('ACTIVE','INACTIVE') DEFAULT 'ACTIVE',
  `uploaded_at` datetime DEFAULT CURRENT_TIMESTAMP
) ENGINE=InnoDB DEFAULT CHARSET=utf8mb4 COLLATE=utf8mb4_0900_ai_ci;

--
-- Dumping data for table `materials`
--

INSERT INTO `materials` (`material_id`, `seller_id`, `title`, `course_id`, `materi`, `category`, `description`, `file_path`, `file_size`, `price`, `status`, `uploaded_at`) VALUES
(1, 37, 'Greedy Algorithm - Nostrum voluptas ad.', 1, 'Greedy Algorithm', 'Lecture Notes', 'Ola ole halo rispek semoga sukses', '/files/material_1.pdf', 4706, '100267.43', 'ACTIVE', '2025-03-14 20:35:46'),
(2, 188, 'Dasar Algoritma - Praesentium animi tempora quam nobis.', 1, 'Dasar Algoritma', 'Lecture Notes', 'Temporibus reprehenderit sequi. Culpa consectetur eligendi nihil labore.', '/files/material_2.pdf', 511, '18436.25', 'INACTIVE', '2025-02-07 16:16:00'),
(3, 242, 'Dynamic Programming - Eaque minus accusamus autem mollitia.', 1, 'Dynamic Programming', 'Lecture Notes', 'Labore qui quod fugit repellat et. Corrupti aperiam quos omnis sit.', '/files/material_3.pdf', 3355, '43408.87', 'ACTIVE', '2025-02-24 14:00:50'),
(4, 315, 'Backtracking - Illo rerum dignissimos odit repellat.', 1, 'Backtracking', 'Lecture Notes', 'Corrupti delectus ratione. Ad facilis et.', '/files/material_4.pdf', 1753, '21241.34', 'INACTIVE', '2025-02-10 11:50:11'),
(5, 120, 'Backtracking - Exercitationem hic iste odit vitae itaque.', 1, 'Backtracking', 'Lecture Notes', 'Voluptas reprehenderit enim minus. Dolores quam beatae odit ea.', '/files/material_5.pdf', 458, '161932.83', 'ACTIVE', '2025-01-19 12:54:10'),
(6, 253, 'Dasar Algoritma - Libero similique facere totam placeat sed.', 1, 'Dasar Algoritma', 'Lecture Notes', 'Tenetur vitae corporis exercitationem quidem totam accusamus. Pariatur blanditiis ex consequatur.', '/files/material_6.pdf', 1442, '73914.82', 'ACTIVE', '2025-01-22 12:33:00'),
(7, 309, 'Searching - Consectetur error doloremque possimus.', 1, 'Searching', 'Lecture Notes', 'Recusandae quidem ratione. Debitis atque vitae dignissimos.', '/files/material_7.pdf', 1091, '112242.54', 'INACTIVE', '2025-01-14 23:02:28'),
(8, 1, 'Stack - Voluptatem occaecati molestiae quidem.', 2, 'Stack', 'Lecture Notes', 'Velit libero nemo. Totam delectus omnis eaque a eveniet facere.', '/files/material_8.pdf', 669, '152521.02', 'INACTIVE', '2025-02-11 08:46:46'),
(9, 16, 'Hash Table - Vel non necessitatibus.', 2, 'Hash Table', 'Lecture Notes', 'Occaecati nesciunt ipsam. Inventore id sequi temporibus.', '/files/material_9.pdf', 2510, '38477.21', 'ACTIVE', '2025-03-04 03:19:39'),
(10, 389, 'Linked List - Aut eveniet reprehenderit maiores quod.', 2, 'Linked List', 'Lecture Notes', 'Nesciunt vel dolores quia sapiente.', '/files/material_10.pdf', 4506, '54908.54', 'ACTIVE', '2025-02-10 05:32:18'),
(11, 392, 'Graph - Voluptatum nemo nihil occaecati.', 2, 'Graph', 'Lecture Notes', 'Cum expedita maiores illum eius nobis veritatis. Voluptas sequi placeat.', '/files/material_11.pdf', 1706, '50567.29', 'ACTIVE', '2025-01-20 04:42:14'),
(13, 294, 'Heap - Necessitatibus et consectetur.', 2, 'Heap', 'Lecture Notes', 'Tempore iusto excepturi nihil quod unde.', '/files/material_13.pdf', 2231, '21349.42', 'INACTIVE', '2025-03-13 06:22:40'),
(14, 196, 'Queue - Numquam illum alias similique sapiente laborum com', 2, 'Queue', 'Lecture Notes', 'Quod rem suscipit aperiam voluptates. Et sapiente quae laudantium.', '/files/material_14.pdf', 3962, '75113.48', 'ACTIVE', '2025-02-22 20:57:16'),
(15, 129, 'Queue - Saepe quasi blanditiis harum ducimus.', 2, 'Queue', 'Lecture Notes', 'Numquam ullam ea.', '/files/material_15.pdf', 471, '191811.06', 'ACTIVE', '2025-01-27 00:29:56'),
(16, 146, 'Graph - Deserunt autem quam magnam dicta reprehenderit.', 2, 'Graph', 'Lecture Notes', 'Nam ipsum nemo repellendus explicabo rem. Minima minima aspernatur itaque natus.', '/files/material_16.pdf', 2672, '124957.54', 'ACTIVE', '2025-02-24 09:07:00'),
(17, 314, 'Tree - Sequi itaque magnam sapiente ipsa omnis.', 2, 'Tree', 'Lecture Notes', 'Delectus animi suscipit necessitatibus quidem occaecati. Doloremque hic magni. Sunt doloribus est.', '/files/material_17.pdf', 2031, '32170.82', 'ACTIVE', '2025-01-22 06:35:25'),
(18, 310, 'Queue - Quasi in temporibus ad accusamus.', 2, 'Queue', 'Lecture Notes', 'Impedit inventore illo nostrum accusamus quis. Corporis recusandae nihil. Sunt atque tempore ea.', '/files/material_18.pdf', 2449, '20670.11', 'ACTIVE', '2025-03-12 10:09:59'),
(19, 353, 'Heap - Cum autem eveniet rem iste.', 2, 'Heap', 'Lecture Notes', 'Earum nulla in repellat ipsa consequatur nihil. Laudantium et itaque. Iusto aliquid sunt dolor.', '/files/material_19.pdf', 4379, '170470.05', 'INACTIVE', '2025-03-02 21:34:54'),
(20, 183, 'Heap - Molestiae autem nobis minus nesciunt error.', 2, 'Heap', 'Lecture Notes', 'Ut iure beatae provident voluptatibus. Assumenda officia soluta dignissimos iste a magni ipsum.', '/files/material_20.pdf', 2954, '49140.21', 'ACTIVE', '2025-02-12 13:21:37'),
(23, 349, 'NoSQL - Accusantium aliquid similique molestias.', 3, 'NoSQL', 'Lecture Notes', 'Minus commodi quo. Iure repellat incidunt quam dolore at temporibus. Sunt accusamus voluptatum id.', '/files/material_23.pdf', 2457, '164044.12', 'ACTIVE', '2025-02-14 23:57:47'),
(28, 367, 'Normalisasi - Vitae praesentium voluptatum.', 3, 'Normalisasi', 'Lecture Notes', 'A repellat ipsum corporis veniam. Corrupti autem recusandae iure. Et quasi earum numquam.', '/files/material_28.pdf', 1137, '153996.19', 'INACTIVE', '2025-01-19 08:20:25'),
(29, 88, 'ERD - Quaerat quasi minus nostrum asperiores eum.', 3, 'ERD', 'Lecture Notes', 'Eligendi vitae cumque. Rerum aliquam rem corrupti rem voluptatibus.', '/files/material_29.pdf', 4250, '197952.69', 'ACTIVE', '2025-01-24 05:21:17'),
(31, 92, 'TCP/IP - Distinctio molestiae sapiente.', 4, 'TCP/IP', 'Lecture Notes', 'Optio iste adipisci nihil. Illum officiis accusamus sapiente fugiat modi.', '/files/material_31.pdf', 4389, '71768.96', 'INACTIVE', '2025-02-10 16:29:45'),
(32, 267, 'Firewall - Assumenda aperiam eligendi omnis eius.', 4, 'Firewall', 'Lecture Notes', 'Quasi accusamus nesciunt a adipisci rerum ab. Quo quam explicabo perferendis at.', '/files/material_32.pdf', 748, '178216.72', 'ACTIVE', '2025-01-23 03:05:37'),
(33, 372, 'OSI Model - Sed et ullam animi.', 4, 'OSI Model', 'Lecture Notes', 'Eum recusandae molestias modi ea.', '/files/material_33.pdf', 1455, '119220.72', 'INACTIVE', '2025-02-12 10:35:13'),
(34, 349, 'Firewall - Excepturi debitis iusto.', 4, 'Firewall', 'Lecture Notes', 'Occaecati aspernatur repudiandae fuga dolorem illum. Ab natus quia vero porro ducimus maiores.', '/files/material_34.pdf', 2800, '154272.42', 'INACTIVE', '2025-01-12 16:00:46'),
(38, 308, 'Routing - Eos amet perferendis repellat deleniti.', 4, 'Routing', 'Lecture Notes', 'Omnis non temporibus ullam. Repellendus incidunt repellat excepturi voluptatibus adipisci.', '/files/material_38.pdf', 4695, '183350.95', 'INACTIVE', '2025-02-10 01:48:06'),
(40, 123, 'OSI Model - Quis ratione reprehenderit et.', 4, 'OSI Model', 'Lecture Notes', 'Vel rem eaque consectetur et reiciendis. Veniam vel aut commodi.', '/files/material_40.pdf', 2233, '18882.93', 'INACTIVE', '2025-03-11 20:07:55'),
(41, 213, 'Switching - Numquam eveniet error nulla.', 4, 'Switching', 'Lecture Notes', 'Dolor eligendi quasi eius accusantium quibusdam quia modi. Ex eveniet sint sit iste eligendi.', '/files/material_41.pdf', 3401, '98697.81', 'ACTIVE', '2025-01-24 05:32:00'),
(42, 1, 'Firewall - Placeat assumenda mollitia ex.', 4, 'Firewall', 'Lecture Notes', 'Quidem sed doloribus unde eos veniam. Dolore doloribus possimus harum dolore nam cum.', '/files/material_42.pdf', 1895, '54340.31', 'ACTIVE', '2025-01-23 18:07:20'),
(43, 250, 'Switching - Rem qui unde neque eveniet ut dolores.', 4, 'Switching', 'Lecture Notes', 'Omnis voluptatum praesentium aspernatur ea. Minima eligendi nulla voluptate temporibus.', '/files/material_43.pdf', 1168, '74507.21', 'ACTIVE', '2025-01-24 20:50:54'),
(44, 113, 'Routing - Et voluptatem sint soluta facere.', 4, 'Routing', 'Lecture Notes', 'Excepturi ipsam sit explicabo.', '/files/material_44.pdf', 151, '193821.83', 'ACTIVE', '2025-01-17 21:18:07'),
(46, 102, 'Scheduling - Deserunt sapiente itaque.', 5, 'Scheduling', 'Lecture Notes', 'Quaerat rem odio aperiam. Temporibus nesciunt nisi voluptatum esse eum voluptates.', '/files/material_46.pdf', 3955, '68136.22', 'INACTIVE', '2025-01-25 07:51:08'),
(47, 276, 'Scheduling - Molestiae quaerat deserunt.', 5, 'Scheduling', 'Lecture Notes', 'Quia voluptatibus eveniet autem totam. Delectus dolorum accusantium amet perspiciatis deserunt.', '/files/material_47.pdf', 3986, '100079.28', 'ACTIVE', '2025-03-08 00:33:57'),
(49, 23, 'Manajemen Memori - Assumenda et non praesentium corrupti vero.', 5, 'Manajemen Memori', 'Lecture Notes', 'Debitis natus fugiat. Dolorum voluptatum eligendi accusamus blanditiis eligendi.', '/files/material_49.pdf', 481, '134313.57', 'ACTIVE', '2025-03-11 04:56:06'),
(50, 217, 'I/O Management - Ullam sint maxime.', 5, 'I/O Management', 'Lecture Notes', 'Minima doloribus perspiciatis aliquid. Itaque at praesentium pariatur ducimus non.', '/files/material_50.pdf', 713, '45583.58', 'INACTIVE', '2025-02-03 01:04:13'),
(51, 43, 'Scheduling - Asperiores quod voluptatem aliquam.', 5, 'Scheduling', 'Lecture Notes', 'Ex expedita temporibus possimus. Minima optio illo quis maxime blanditiis accusantium natus.', '/files/material_51.pdf', 3845, '66889.53', 'INACTIVE', '2025-01-28 22:15:12'),
(52, 385, 'I/O Management - Quia quis quia odit delectus.', 5, 'I/O Management', 'Lecture Notes', 'Neque cumque consequuntur minus esse minus consequatur.', '/files/material_52.pdf', 1258, '58325.62', 'ACTIVE', '2025-02-11 18:38:05'),
(54, 237, 'Deadlock - Cumque exercitationem neque asperiores perspiciati', 5, 'Deadlock', 'Lecture Notes', 'Hic error eum fugit officiis voluptas. Cupiditate reprehenderit nemo ad accusamus incidunt.', '/files/material_54.pdf', 2711, '142277.88', 'ACTIVE', '2025-02-15 01:30:36'),
(55, 21, 'Multithreading - Sequi laudantium repudiandae molestias.', 5, 'Multithreading', 'Lecture Notes', 'Est ipsa nesciunt culpa sapiente perspiciatis officiis. Maxime similique nisi tenetur inventore.', '/files/material_55.pdf', 1591, '184792.12', 'ACTIVE', '2025-03-13 01:28:52'),
(56, 286, 'Deadlock - Sequi ratione ad aliquid aliquam libero.', 5, 'Deadlock', 'Lecture Notes', 'Temporibus earum beatae dicta autem repellat facere. Non culpa quo.', '/files/material_56.pdf', 3558, '99008.06', 'INACTIVE', '2025-02-28 14:34:27'),
(57, 397, 'Multithreading - Expedita saepe perspiciatis consectetur.', 5, 'Multithreading', 'Lecture Notes', 'Quia provident labore est porro dolorem delectus accusamus. Cum aliquam voluptatibus excepturi.', '/files/material_57.pdf', 2012, '130264.14', 'INACTIVE', '2025-01-08 16:27:49'),
(58, 114, 'JavaScript - Culpa quam in.', 6, 'JavaScript', 'Lecture Notes', 'Dolorem consequatur dicta iure asperiores. Voluptatibus eveniet earum possimus consectetur harum.', '/files/material_58.pdf', 619, '172624.45', 'INACTIVE', '2025-01-07 08:29:43'),
(59, 4, 'Node.js - Ut ab minus odit.', 6, 'Node.js', 'Lecture Notes', 'Mollitia unde quam rem similique totam earum. Totam molestias quaerat in natus ratione.', '/files/material_59.pdf', 4994, '181908.97', 'ACTIVE', '2025-01-31 12:32:18'),
(61, 165, 'HTML dan CSS - Provident minima odit a.', 6, 'HTML dan CSS', 'Lecture Notes', 'Aut sapiente vel corrupti. Cumque dolores sit inventore.', '/files/material_61.pdf', 2394, '46232.83', 'ACTIVE', '2025-01-03 10:54:28'),
(63, 169, 'REST API - Consequatur minima provident culpa aliquid rerum.', 6, 'REST API', 'Lecture Notes', 'Porro at vel. Sint quas eaque officiis.', '/files/material_63.pdf', 1402, '197709.35', 'INACTIVE', '2025-03-05 19:13:58'),
(66, 34, 'HTML dan CSS - Maxime iure aspernatur exercitationem temporibus.', 6, 'HTML dan CSS', 'Lecture Notes', 'Incidunt magni neque earum. Error eaque libero delectus cumque quos.\nQuidem id facere.', '/files/material_66.pdf', 3771, '135468.80', 'ACTIVE', '2025-02-13 03:22:16'),
(67, 66, 'React - Id itaque repellat.', 6, 'React', 'Lecture Notes', 'Nostrum provident incidunt tempora. Quis exercitationem iste.', '/files/material_67.pdf', 4681, '111415.15', 'INACTIVE', '2025-02-24 12:33:07'),
(68, 84, 'Expert Systems - Earum doloribus labore provident.', 7, 'Expert Systems', 'Lecture Notes', 'Ut nobis repellat consectetur omnis. Soluta ipsum quaerat temporibus quo amet quidem.', '/files/material_68.pdf', 607, '177307.17', 'INACTIVE', '2025-02-15 05:52:38'),
(69, 298, 'Search Algorithms - Recusandae aperiam voluptatibus officiis.', 7, 'Search Algorithms', 'Lecture Notes', 'Officia sint possimus ea totam voluptas eveniet. Rem voluptatem asperiores similique.', '/files/material_69.pdf', 2209, '103853.96', 'ACTIVE', '2025-01-12 17:34:35'),
(70, 254, 'Reinforcement Learning - Repellendus voluptate maiores.', 7, 'Reinforcement Learning', 'Lecture Notes', 'Ipsa distinctio nam.', '/files/material_70.pdf', 3705, '152444.19', 'ACTIVE', '2025-03-01 08:58:21'),
(71, 115, 'Search Algorithms - Impedit beatae laborum inventore.', 7, 'Search Algorithms', 'Lecture Notes', 'Distinctio perspiciatis rem eius. Voluptatibus dolore quod nemo.', '/files/material_71.pdf', 2661, '71740.62', 'ACTIVE', '2025-02-03 18:37:11'),
(72, 2, 'Natural Language Processing - Debitis voluptatibus iure tempore aliquam alias.', 7, 'Natural Language Processing', 'Lecture Notes', 'Officiis doloribus veritatis enim non eligendi eveniet.', '/files/material_72.pdf', 1416, '56633.42', 'ACTIVE', '2025-02-16 12:11:39'),
(74, 1, 'Computer Vision - Tempora veritatis unde nisi officiis.', 7, 'Computer Vision', 'Lecture Notes', 'Officia hic odio. Delectus est harum facilis iste illum qui.', '/files/material_74.pdf', 3103, '133199.11', 'ACTIVE', '2025-03-10 07:46:45'),
(75, 231, 'Neural Networks - Maxime adipisci fuga.', 7, 'Neural Networks', 'Lecture Notes', 'Placeat facilis quae cum. Adipisci tenetur rerum. Ea illum excepturi officia.', '/files/material_75.pdf', 3227, '198606.24', 'ACTIVE', '2025-03-04 15:22:39'),
(76, 387, 'Natural Language Processing - Aliquam perferendis quas similique.', 7, 'Natural Language Processing', 'Lecture Notes', 'Cum nobis explicabo. Illum voluptas tempora assumenda earum corporis.', '/files/material_76.pdf', 2910, '149941.04', 'ACTIVE', '2025-01-08 01:28:26'),
(77, 105, 'Reinforcement Learning - Pariatur atque fugit quo.', 7, 'Reinforcement Learning', 'Lecture Notes', 'Excepturi sequi reprehenderit. Asperiores architecto temporibus animi rem.', '/files/material_77.pdf', 2502, '114939.30', 'INACTIVE', '2025-02-27 22:57:11'),
(78, 398, 'Expert Systems - Iure autem aperiam.', 7, 'Expert Systems', 'Lecture Notes', 'Autem nobis nisi quibusdam molestiae sed. Amet at quaerat vel non cupiditate modi.', '/files/material_78.pdf', 1095, '84065.39', 'ACTIVE', '2025-01-12 15:51:48'),
(83, 247, 'Classification - Delectus magni doloremque.', 8, 'Classification', 'Lecture Notes', 'Quisquam recusandae nulla dicta. Iusto eos quibusdam ipsum soluta accusantium fugiat.', '/files/material_83.pdf', 3354, '196597.51', 'ACTIVE', '2025-01-10 04:04:00'),
(84, 53, 'Unsupervised Learning - Rem explicabo deserunt blanditiis.', 8, 'Unsupervised Learning', 'Lecture Notes', 'Odio sed repudiandae aut. Facere occaecati minima officiis consequuntur. Voluptatem repellat nobis.', '/files/material_84.pdf', 3766, '38455.44', 'ACTIVE', '2025-02-02 06:00:07'),
(86, 288, 'Classification - Explicabo repellendus minus.', 8, 'Classification', 'Lecture Notes', 'Perspiciatis occaecati repudiandae eos delectus dignissimos sunt.', '/files/material_86.pdf', 3573, '56122.72', 'INACTIVE', '2025-01-26 05:14:37'),
(87, 288, 'Regression - Aperiam quibusdam omnis quae explicabo ex.', 8, 'Regression', 'Lecture Notes', 'A iste fuga natus sit. Aliquam inventore quae suscipit magni voluptates eveniet.', '/files/material_87.pdf', 4396, '57251.78', 'ACTIVE', '2025-03-03 10:30:06'),
(88, 21, 'Regression - Dolores harum ipsa delectus.', 8, 'Regression', 'Lecture Notes', 'Veritatis aliquam sapiente consectetur repellat ea.', '/files/material_88.pdf', 695, '97798.60', 'ACTIVE', '2025-02-10 12:56:57'),
(89, 207, 'Clustering - Consequatur nostrum odit accusantium.', 8, 'Clustering', 'Lecture Notes', 'Delectus velit repellat ratione. Nisi adipisci officiis enim officia.', '/files/material_89.pdf', 1825, '39112.25', 'INACTIVE', '2025-03-05 15:14:43'),
(90, 42, 'Dimensionality Reduction - Modi praesentium laudantium ad beatae.', 8, 'Dimensionality Reduction', 'Lecture Notes', 'In fugiat rerum sed earum iste non optio. Pariatur illo magni.', '/files/material_90.pdf', 2629, '126167.76', 'ACTIVE', '2025-01-29 10:36:47'),
(91, 44, 'Unsupervised Learning - Impedit eveniet voluptatibus sint vero.', 8, 'Unsupervised Learning', 'Lecture Notes', 'Perferendis dignissimos provident sint facere. Eos omnis accusamus ab at delectus iure.', '/files/material_91.pdf', 1892, '72440.16', 'INACTIVE', '2025-01-28 17:52:28'),
(95, 36, 'API Integration - Ullam quia id alias porro occaecati.', 9, 'API Integration', 'Lecture Notes', 'Eaque mollitia maiores dolor quidem a. Sunt quasi animi eligendi culpa quidem.', '/files/material_95.pdf', 3468, '129168.78', 'INACTIVE', '2025-01-10 08:43:42'),
(98, 33, 'Push Notification - Aut tenetur consequuntur.', 9, 'Push Notification', 'Lecture Notes', 'Labore praesentium eveniet odio eum. Ullam numquam magnam dolorem distinctio soluta beatae.', '/files/material_98.pdf', 3839, '125781.61', 'INACTIVE', '2025-01-08 03:57:59'),
(100, 136, 'Android Development - Minima accusantium deleniti.', 9, 'Android Development', 'Lecture Notes', 'Sint eius voluptatem nihil dolorum. Debitis doloremque ex ipsa velit.', '/files/material_100.pdf', 2985, '44855.38', 'INACTIVE', '2025-01-23 03:51:37'),
(102, 287, 'Flutter - Impedit quibusdam dolor placeat quo reprehenderit.', 9, 'Flutter', 'Lecture Notes', 'Fugit libero officiis tenetur distinctio laborum eveniet. Adipisci aliquam harum ea fugiat tenetur.', '/files/material_102.pdf', 3072, '118240.02', 'ACTIVE', '2025-01-05 08:45:44'),
(103, 289, 'Network Security - Quibusdam consectetur mollitia.', 10, 'Network Security', 'Lecture Notes', 'Expedita optio eius nisi porro minus animi. Sint unde aliquid commodi quis.', '/files/material_103.pdf', 3680, '110898.66', 'INACTIVE', '2025-01-10 04:43:04'),
(105, 264, 'Kriptografi - A consectetur deserunt.', 10, 'Kriptografi', 'Lecture Notes', 'Distinctio sequi excepturi sunt excepturi veniam. Itaque inventore eos quasi adipisci aut sed.', '/files/material_105.pdf', 1234, '45294.47', 'INACTIVE', '2025-01-22 14:04:14'),
(106, 154, 'Digital Forensics - Iusto nesciunt pariatur non aspernatur.', 10, 'Digital Forensics', 'Lecture Notes', 'Velit sint suscipit inventore aperiam repellat. Animi et cupiditate dolor porro.', '/files/material_106.pdf', 3541, '153151.68', 'INACTIVE', '2025-02-15 06:23:30'),
(109, 68, 'Firewall - Quas expedita facere in occaecati perferendis.', 10, 'Firewall', 'Lecture Notes', 'Dolorem sequi voluptate assumenda. Aperiam quod error architecto. Libero quas dicta.', '/files/material_109.pdf', 931, '175971.62', 'INACTIVE', '2025-02-02 18:24:03'),
(110, 372, 'Kriptografi - Odit deleniti eligendi pariatur.', 10, 'Kriptografi', 'Lecture Notes', 'Sint alias aspernatur dolor tempore. Sint libero corporis. Facere odio molestiae quae odio.', '/files/material_110.pdf', 2612, '84468.25', 'ACTIVE', '2025-01-05 09:10:35'),
(112, 112, 'Firewall - Ullam quibusdam fuga.', 10, 'Firewall', 'Lecture Notes', 'Dolorem distinctio id voluptatem quibusdam quod veritatis. Illo recusandae veritatis laudantium.', '/files/material_112.pdf', 2868, '84171.09', 'INACTIVE', '2025-03-05 04:11:38'),
(113, 344, 'Digital Forensics - Facere officia molestias.', 10, 'Digital Forensics', 'Lecture Notes', 'Ipsum aut facilis doloremque quos corrupti quidem. Ratione maxime fugit optio.', '/files/material_113.pdf', 4643, '66603.40', 'INACTIVE', '2025-01-20 18:55:08'),
(114, 119, 'Malware Analysis - Deleniti voluptatem facere fuga id voluptatem.', 10, 'Malware Analysis', 'Lecture Notes', 'Corporis nulla occaecati expedita soluta. Ullam voluptates nesciunt esse.', '/files/material_114.pdf', 3931, '56076.30', 'INACTIVE', '2025-02-27 06:32:04'),
(115, 304, 'Malware Analysis - Eaque suscipit corrupti a nesciunt ipsa.', 10, 'Malware Analysis', 'Lecture Notes', 'Vero omnis nemo error nulla laborum. Cum odio voluptas.', '/files/material_115.pdf', 4273, '30139.09', 'ACTIVE', '2025-03-07 08:32:46'),
(116, 229, 'Digital Forensics - Voluptas magnam cupiditate debitis ducimus.', 10, 'Digital Forensics', 'Lecture Notes', 'Et quibusdam quos reprehenderit perspiciatis quo. Architecto similique corrupti.', '/files/material_116.pdf', 2673, '108396.66', 'ACTIVE', '2025-03-04 14:34:59'),
(117, 91, 'Software Maintenance - Ipsam odit eius consequuntur explicabo rerum.', 11, 'Software Maintenance', 'Lecture Notes', 'Fugit temporibus id corrupti aliquam. Necessitatibus laborum autem quam rem sit quasi.', '/files/material_117.pdf', 171, '43468.76', 'ACTIVE', '2025-02-13 07:20:49'),
(118, 153, 'Agile Development - Quas recusandae ducimus.', 11, 'Agile Development', 'Lecture Notes', 'Fugit quibusdam quasi laborum ipsum. Nesciunt fuga dolorum aliquid deserunt.', '/files/material_118.pdf', 1101, '37286.96', 'INACTIVE', '2025-03-02 22:54:07'),
(121, 171, 'CI/CD - Beatae adipisci qui.', 11, 'CI/CD', 'Lecture Notes', 'Eveniet occaecati nulla accusantium hic vel ratione. Error impedit aliquam quas error sint magni.', '/files/material_121.pdf', 3908, '104702.77', 'INACTIVE', '2025-03-09 18:56:29'),
(124, 58, 'Agile Development - Esse commodi fuga laborum excepturi.', 11, 'Agile Development', 'Lecture Notes', 'Expedita inventore in corporis quae provident corrupti quibusdam.', '/files/material_124.pdf', 3824, '34380.46', 'ACTIVE', '2025-02-08 14:49:04'),
(125, 63, 'Fault Tolerance - Molestiae id et.', 12, 'Fault Tolerance', 'Lecture Notes', 'Iste optio tempore recusandae. Delectus officiis nulla incidunt. Cupiditate similique fugit.', '/files/material_125.pdf', 2917, '119360.20', 'INACTIVE', '2025-01-28 01:43:51'),
(126, 321, 'Fault Tolerance - Odit porro doloremque.', 12, 'Fault Tolerance', 'Lecture Notes', 'Pariatur culpa dicta. Esse atque voluptatem distinctio. Ex maiores libero modi eligendi.', '/files/material_126.pdf', 1544, '84249.43', 'INACTIVE', '2025-02-25 19:36:48'),
(127, 86, 'MapReduce - Commodi illum vel nobis cum ullam.', 12, 'MapReduce', 'Lecture Notes', 'Iste placeat delectus hic ab itaque praesentium.', '/files/material_127.pdf', 4703, '149167.55', 'ACTIVE', '2025-01-09 09:42:28'),
(128, 203, 'GPU Programming - Sint quod dolore eius.', 12, 'GPU Programming', 'Lecture Notes', 'Illum nihil quo ad quos fugiat beatae nesciunt. Dolorem perspiciatis at occaecati ullam.', '/files/material_128.pdf', 1301, '179376.44', 'ACTIVE', '2025-02-16 17:28:59'),
(131, 104, 'Load Balancing - Quisquam adipisci eos facilis tenetur.', 12, 'Load Balancing', 'Lecture Notes', 'Nemo ex quo dolor. Quo totam occaecati veniam itaque eligendi quaerat amet.', '/files/material_131.pdf', 2918, '120763.17', 'ACTIVE', '2025-03-09 01:06:35'),
(133, 219, 'Association Rules - Dolores pariatur maxime vero id.', 13, 'Association Rules', 'Lecture Notes', 'Reprehenderit id maiores fugiat in occaecati laudantium. Eligendi alias molestiae similique.', '/files/material_133.pdf', 1568, '27654.93', 'ACTIVE', '2025-02-21 15:08:17'),
(134, 210, 'Web Mining - Consectetur pariatur minus voluptatibus blanditiis', 13, 'Web Mining', 'Lecture Notes', 'Quos amet doloremque recusandae nesciunt. Alias sapiente placeat sunt atque. Tempora neque enim.', '/files/material_134.pdf', 2746, '178600.25', 'INACTIVE', '2025-01-14 04:24:41'),
(135, 278, 'Text Mining - Occaecati corporis corporis quia.', 13, 'Text Mining', 'Lecture Notes', 'Quam dignissimos consequuntur laboriosam. Excepturi fugiat unde delectus itaque dicta.', '/files/material_135.pdf', 283, '80167.49', 'INACTIVE', '2025-01-09 05:00:01'),
(136, 280, 'Association Rules - Corrupti quisquam reiciendis laudantium eius.', 13, 'Association Rules', 'Lecture Notes', 'Alias fuga aspernatur adipisci. Quos sed incidunt nesciunt consectetur.', '/files/material_136.pdf', 2181, '156283.92', 'ACTIVE', '2025-03-09 07:22:30'),
(138, 309, 'Outlier Detection - Explicabo consequatur beatae tempore.', 13, 'Outlier Detection', 'Lecture Notes', 'Aut fugit rem deserunt ipsam mollitia.', '/files/material_138.pdf', 4492, '134751.06', 'ACTIVE', '2025-01-26 00:36:16'),
(142, 62, 'Web Mining - Modi vero veritatis quam quia asperiores.', 13, 'Web Mining', 'Lecture Notes', 'Dolores error dignissimos provident minima. Ipsum excepturi eos.', '/files/material_142.pdf', 4430, '129763.33', 'INACTIVE', '2025-01-16 16:00:16'),
(143, 150, 'Web Mining - Exercitationem excepturi pariatur eos.', 13, 'Web Mining', 'Lecture Notes', 'Minus non sed enim. Veritatis culpa placeat sint debitis voluptatem.', '/files/material_143.pdf', 3616, '43822.47', 'INACTIVE', '2025-01-20 13:27:38'),
(144, 641, 'testing', 1, 'ok', 'Summaries', 'test', '/files/noteselling-wirpl.sql', 246735, '1000.00', 'ACTIVE', '2025-03-15 12:17:43'),
(145, 641, 'gipari cungkring', 1, 'Tips biar gemuk', 'Summaries', 'Apappun biar gemuk', '/files/users_final_fixed.sql', 52, '1000.00', 'ACTIVE', '2025-03-15 12:30:41'),
(146, 641, 'coba', 1, 'coba tok', 'Lecture Notes', 'percobaan', '/files/Perkalian.xlsx', 10653, '10000.00', 'ACTIVE', '2025-03-24 07:28:03'),
(147, 641, 'Ojan gaming', 9, 'Cara jump shot', 'Others', 'FOLLOW: @OJANG GAMING UNTUK TPS LENGKAP', '/files/Penjumlahan.xlsx', 10646, '2000.00', 'ACTIVE', '2025-03-24 08:51:08'),
(148, 641, 'rapid', 4, 'rapidpid', 'Summaries', 'test rapid', '/files/Penjumlahan.xlsx', 10646, '1000.00', 'ACTIVE', '2025-03-24 09:04:44'),
(149, 645, 'OJANS NOTE', 8, 'Catatan Semester 6', 'Summaries', 'Catatan matkul ML selama satu semester', '/files/Perkalian.xlsx', 10653, '10000.00', 'ACTIVE', '2025-03-25 06:26:01');

-- --------------------------------------------------------

--
-- Table structure for table `profiles`
--

CREATE TABLE `profiles` (
  `profile_id` int NOT NULL,
  `user_id` int NOT NULL,
  `full_name` varchar(100) NOT NULL,
  `bio` text,
  `profile_picture` varchar(255) DEFAULT NULL
) ENGINE=InnoDB DEFAULT CHARSET=utf8mb4 COLLATE=utf8mb4_0900_ai_ci;

--
-- Dumping data for table `profiles`
--

INSERT INTO `profiles` (`profile_id`, `user_id`, `full_name`, `bio`, `profile_picture`) VALUES
(1, 1, 'Luwes Nashiruddin, S.Pd', 'Voluptatem sapiente quibusdam. Iste omnis repudiandae. Officia error eius eius delectus officia.', 'profile_1.jpg'),
(2, 2, 'Nasrullah Mahendra, S.E.', 'Dicta assumenda vel reprehenderit rerum.', 'profile_2.jpg'),
(3, 3, 'Anastasia Mulyani, S.Gz', 'Occaecati laboriosam rem incidunt. Modi at consequuntur.', 'profile_3.jpg'),
(4, 4, 'Banawi Nasyidah, M.Pd', 'Neque repudiandae natus rerum eaque veniam. A dolorum excepturi officia. Nisi aperiam possimus.', 'profile_4.jpg'),
(5, 5, 'Drs. Yunita Marpaung', 'Provident repellendus est debitis quisquam. Sequi animi optio.', 'profile_5.jpg'),
(6, 6, 'Gamani Maheswara', 'Ut praesentium quis. Tempore impedit libero tempore possimus at ipsum.', 'profile_6.jpg'),
(7, 7, 'Puti Lazuardi', 'Molestiae cupiditate maxime impedit labore eligendi animi. Quibusdam dignissimos animi.', 'profile_7.jpg'),
(8, 8, 'Jamalia Mulyani', 'Pariatur voluptate quasi similique numquam saepe. Repudiandae hic suscipit molestiae molestias.', 'profile_8.jpg'),
(9, 9, 'Ir. Prabu Mustofa', 'Necessitatibus nihil ducimus dicta.', 'profile_9.jpg'),
(10, 10, 'R. Hairyanto Utama, S.Psi', 'Voluptates rem laborum quisquam aperiam officiis officia. Culpa quas itaque.', 'profile_10.jpg'),
(11, 11, 'Gading Anggriawan', 'Enim dolore eos ab et nostrum iure. Dignissimos corporis ipsum ipsam.', 'profile_11.jpg'),
(12, 12, 'Cemplunk Nainggolan', 'Vitae quibusdam possimus adipisci quibusdam. Deserunt tempora maiores.', 'profile_12.jpg'),
(13, 13, 'Warta Latupono', 'Id enim nobis quia neque laudantium voluptatum.', 'profile_13.jpg'),
(14, 14, 'Gaduh Nasyiah', 'At ullam ipsum quod hic accusamus. Debitis ullam fugit corrupti.', 'profile_14.jpg'),
(15, 15, 'Tania Dabukke', 'Voluptatem natus ex occaecati labore.', 'profile_15.jpg'),
(16, 16, 'Jais Melani, S.I.Kom', 'Eos ad natus itaque eum. Minus quod quas voluptatem reprehenderit reprehenderit aspernatur.', 'profile_16.jpg'),
(17, 17, 'Agus Halim', 'Fugiat repellendus veritatis blanditiis. Quasi ratione praesentium fugit dicta.', 'profile_17.jpg'),
(18, 18, 'R. Lasmanto Namaga', 'Placeat ad aliquam accusantium. Expedita ratione ratione eos.', 'profile_18.jpg'),
(19, 19, 'Sutan Hardi Lazuardi', 'Est suscipit repudiandae quas occaecati quia culpa. Iusto consectetur velit ducimus qui.', 'profile_19.jpg'),
(20, 20, 'Salsabila Wijayanti', 'Minima consectetur corrupti a laborum reprehenderit earum. Porro vero quia.', 'profile_20.jpg'),
(21, 21, 'Eka Ardianto', 'Impedit architecto veritatis quasi. Numquam iusto eaque eos debitis esse.', 'profile_21.jpg'),
(22, 22, 'Ir. Ellis Kuswandari, M.Kom.', 'Architecto maxime id fugit fugiat. Voluptas maiores qui adipisci quo hic hic.', 'profile_22.jpg'),
(23, 23, 'Darijan Nababan', 'Distinctio consequatur ab nostrum. Quam itaque beatae laboriosam impedit nesciunt.', 'profile_23.jpg'),
(24, 24, 'Ivan Nuraini, S.T.', 'Ratione deserunt perferendis laboriosam assumenda corporis et. Beatae neque officia.', 'profile_24.jpg'),
(25, 25, 'Setya Hidayanto', 'Magnam facilis sit eligendi. Delectus laboriosam sint magnam itaque distinctio quas.', 'profile_25.jpg'),
(26, 26, 'Asmuni Safitri', 'Ipsam nihil a. Suscipit facilis fugit tempora doloribus ipsa quod.', 'profile_26.jpg'),
(27, 27, 'Viman Saputra', 'Illo dolorum ab temporibus.', 'profile_27.jpg'),
(28, 28, 'Cagak Suwarno', 'Laboriosam culpa commodi blanditiis laboriosam possimus.', 'profile_28.jpg'),
(29, 29, 'Padma Purwanti, S.Sos', 'Ducimus consequuntur corporis beatae pariatur. Esse distinctio autem ipsum.', 'profile_29.jpg'),
(30, 30, 'Samsul Latupono', 'Assumenda voluptatum ea tempora. Ut quae velit necessitatibus. Possimus maxime dolores dolorum.', 'profile_30.jpg'),
(31, 31, 'Mahesa Irawan', 'Nobis ducimus incidunt distinctio dolorem. Dolores voluptatibus at.', 'profile_31.jpg'),
(32, 32, 'Raina Palastri, S.H.', 'Est minima minima quam quidem molestias. Labore harum rem ea ullam aspernatur iusto nulla.', 'profile_32.jpg'),
(33, 33, 'Hani Januar, S.H.', 'Quod illo veniam eius inventore autem veniam vero.', 'profile_33.jpg'),
(34, 34, 'Jarwi Sirait, S.Gz', 'Quasi modi eveniet amet. Velit corrupti perferendis a sequi totam cupiditate.', 'profile_34.jpg'),
(35, 35, 'R. Cahyadi Halim', 'Laboriosam occaecati error totam accusantium odit. Optio earum nesciunt dolores veritatis.', 'profile_35.jpg'),
(36, 36, 'Drs. Prabu Sihombing', 'Quia vero laborum dignissimos quisquam. In amet repellendus.', 'profile_36.jpg'),
(37, 37, 'Raden Dongoran', 'Iste ab sequi fuga.\nDolores quam expedita quas deleniti dolor cum. Harum vel distinctio.', 'profile_37.jpg'),
(38, 38, 'Ira Nababan', 'Ipsa esse necessitatibus odio. Nisi sit iste eius veritatis minima.', 'profile_38.jpg'),
(39, 39, 'Gina Gunarto', 'Suscipit maiores quam delectus. Debitis accusantium autem necessitatibus.', 'profile_39.jpg'),
(40, 40, 'Irwan Wibowo, M.Ak', 'Sunt dolores sapiente et alias. Quibusdam ab illum. Pariatur animi ea odio iste.', 'profile_40.jpg'),
(41, 41, 'Patricia Prasasta, S.Ked', 'Vero quo veritatis doloribus aliquid animi ex.', 'profile_41.jpg'),
(42, 42, 'Wisnu Safitri', 'Pariatur possimus est illo esse libero.', 'profile_42.jpg'),
(43, 43, 'Yusuf Saptono', 'At ipsum ut repellendus saepe totam rerum. Ipsum at nam iste praesentium.', 'profile_43.jpg'),
(44, 44, 'Mustika Gunawan, M.Ak', 'Dolore nobis sapiente nisi vero vitae optio. Esse architecto soluta nam voluptatum.', 'profile_44.jpg'),
(45, 45, 'Baktiono Maulana, S.H.', 'Nesciunt laudantium asperiores hic. Perspiciatis quos maiores.', 'profile_45.jpg'),
(46, 46, 'Drs. Irwan Pradana, S.Sos', 'Sequi aliquid voluptatum dignissimos nisi. Voluptatum provident nemo dignissimos veniam ab nemo.', 'profile_46.jpg'),
(47, 47, 'Ratih Mulyani', 'Nesciunt velit excepturi expedita. Commodi nulla quisquam aliquam nulla.', 'profile_47.jpg'),
(48, 48, 'Cengkal Jailani', 'Explicabo numquam officia incidunt. Porro voluptates autem. Adipisci dicta ducimus.', 'profile_48.jpg'),
(49, 49, 'Lalita Zulaika', 'Harum aliquam quaerat vel. Voluptatem ipsum aliquid recusandae error accusamus fugiat.', 'profile_49.jpg'),
(50, 50, 'Dt. Makara Hardiansyah', 'Saepe error doloremque debitis. Fuga iste magnam cum odit distinctio adipisci.', 'profile_50.jpg'),
(51, 51, 'R.A. Violet Wijaya, S.Farm', 'Repellendus error et rem architecto. Labore magni ab architecto dicta quas dolorem.', 'profile_51.jpg'),
(52, 52, 'Kania Aryani', 'Labore quibusdam velit ducimus. Nulla facilis molestiae dignissimos repellat.', 'profile_52.jpg'),
(53, 53, 'Ida Permata, S.E.', 'Voluptatibus ullam ea itaque iusto suscipit. Praesentium omnis quod numquam quidem minima quidem.', 'profile_53.jpg'),
(54, 54, 'Paulin Simbolon', 'Itaque illo consequatur maxime. Ratione possimus unde nesciunt.', 'profile_54.jpg'),
(55, 55, 'dr. Jamalia Sihombing, S.E.I', 'Quos in quo natus expedita at praesentium. Eos placeat quasi sint cumque.', 'profile_55.jpg'),
(56, 56, 'Kania Waskita', 'Cupiditate est dicta dolorum.', 'profile_56.jpg'),
(57, 57, 'Anom Irawan', 'Odit ipsa voluptate. Numquam aut soluta nam at. Dolore deleniti ipsum.', 'profile_57.jpg'),
(58, 58, 'Kezia Maheswara', 'Explicabo dicta expedita. Cupiditate perferendis nam.', 'profile_58.jpg'),
(59, 59, 'Azalea Habibi', 'Adipisci earum nihil veniam. Quisquam possimus dolore accusantium. Atque quae itaque quae.', 'profile_59.jpg'),
(60, 60, 'Raisa Simanjuntak, M.TI.', 'Nisi vitae velit repellendus exercitationem rem.', 'profile_60.jpg'),
(61, 61, 'Nurul Siregar', 'Doloremque est at. Doloribus debitis commodi dolorem. Praesentium dolor nulla occaecati odio.', 'profile_61.jpg'),
(62, 62, 'Cut Unjani Maulana, S.Sos', 'Tenetur ea dolorum.', 'profile_62.jpg'),
(63, 63, 'Viktor Thamrin, M.Pd', 'Expedita rerum natus aliquam est. Ullam atque atque excepturi.', 'profile_63.jpg'),
(64, 64, 'Yunita Santoso, S.Psi', 'Esse quaerat atque voluptatibus eos. Recusandae eveniet qui dolores quibusdam rerum.', 'profile_64.jpg'),
(65, 65, 'T. Kala Sirait', 'Adipisci ut aliquid non labore. Culpa libero nulla quisquam.', 'profile_65.jpg'),
(66, 66, 'Baktiadi Melani', 'Itaque error distinctio consectetur sunt voluptate. A suscipit dolore eveniet inventore.', 'profile_66.jpg'),
(67, 67, 'H. Labuh Agustina', 'Quasi odit numquam vel quaerat.', 'profile_67.jpg'),
(68, 68, 'Kiandra Yolanda, M.M.', 'Eos eveniet laborum autem odio nam. Ut iure nobis consequatur dolore.', 'profile_68.jpg'),
(69, 69, 'Ega Melani, M.Farm', 'Aliquam quasi nam.\nVero fugiat excepturi vitae libero commodi. Magnam voluptatibus corrupti amet.', 'profile_69.jpg'),
(70, 70, 'Yahya Mansur', 'Nesciunt quis tenetur dicta sit harum. Rem dignissimos quos nihil at dolor incidunt.', 'profile_70.jpg'),
(71, 71, 'Dr. Oliva Mandasari, S.Pt', 'Atque natus excepturi deserunt eligendi. Consequatur laudantium amet facilis labore iste.', 'profile_71.jpg'),
(72, 72, 'drg. Karta Situmorang, M.Kom.', 'Magnam dolore tempora vel suscipit expedita. Optio sequi velit non quae reiciendis quas ad.', 'profile_72.jpg'),
(73, 73, 'Setya Wijaya', 'Ab ea sit quod doloribus quia laborum fugiat.', 'profile_73.jpg'),
(74, 74, 'Panca Namaga, M.Ak', 'Sed saepe esse earum. Earum alias pariatur praesentium.', 'profile_74.jpg'),
(75, 75, 'Vega Prastuti', 'Alias quos id veniam iste. In saepe exercitationem corporis magni autem. Dolore neque nam tempore.', 'profile_75.jpg'),
(76, 76, 'Sutan Pranawa Riyanti', 'Distinctio ad vero. Provident dolorum eligendi omnis omnis.', 'profile_76.jpg'),
(77, 77, 'Johan Hardiansyah', 'Delectus aut doloribus aperiam. Beatae quod dolorum deserunt et nam.', 'profile_77.jpg'),
(78, 78, 'drg. Alika Adriansyah', 'Unde nihil aperiam voluptatem voluptate. Voluptatum at occaecati quis debitis.', 'profile_78.jpg'),
(79, 79, 'Danu Habibi', 'Commodi excepturi ratione atque animi. Excepturi perferendis dolor laudantium quisquam sunt cum.', 'profile_79.jpg'),
(80, 80, 'Wardaya Pertiwi', 'Non corporis excepturi nam. Assumenda amet tenetur minima.', 'profile_80.jpg'),
(81, 81, 'Dt. Jarwadi Wibisono, S.Kom', 'Aspernatur corrupti corporis incidunt. Asperiores vitae ea occaecati. Tempore atque beatae eaque.', 'profile_81.jpg'),
(82, 82, 'Garang Laksmiwati', 'Assumenda dicta odit. Repudiandae facere magni et quidem.', 'profile_82.jpg'),
(83, 83, 'Vivi Yulianti', 'Libero ab corrupti tempore iusto. Doloribus exercitationem rerum nemo placeat quidem numquam.', 'profile_83.jpg'),
(84, 84, 'Ifa Kuswandari', 'Cum ullam velit sapiente. Hic officia tempore quas corrupti.', 'profile_84.jpg'),
(85, 85, 'Silvia Safitri', 'Rerum accusantium a culpa. Occaecati nulla consequuntur illo eos reprehenderit quaerat.', 'profile_85.jpg'),
(86, 86, 'Lukman Nugroho', 'Aut quia quasi voluptatem accusamus adipisci optio. Numquam facere temporibus architecto.', 'profile_86.jpg'),
(87, 87, 'Lanjar Gunarto', 'Tempora corporis optio architecto sequi explicabo.', 'profile_87.jpg'),
(88, 88, 'Hilda Hidayat', 'Neque cumque libero unde iste laudantium.\nConsequatur harum commodi aut quod beatae accusamus.', 'profile_88.jpg'),
(89, 89, 'Raditya Yulianti', 'Libero laudantium inventore ipsam deleniti aut et. Modi omnis laudantium id. Sit commodi excepturi.', 'profile_89.jpg'),
(90, 90, 'Salimah Wahyudin', 'Deserunt vitae ipsam provident rem soluta similique voluptatibus. Iusto eos corrupti.', 'profile_90.jpg'),
(91, 91, 'Ami Sihombing, S.Kom', 'Perferendis laborum non consectetur deserunt. Eveniet deserunt quam.', 'profile_91.jpg'),
(92, 92, 'Zelda Farida', 'Voluptates amet deserunt corrupti. Non porro illo repellat laborum.', 'profile_92.jpg'),
(93, 93, 'Hj. Yani Pratama, M.Ak', 'Laudantium ad debitis commodi quo.', 'profile_93.jpg'),
(94, 94, 'Tgk. Novi Laksita', 'Odit sapiente fugit. Quibusdam consequuntur atque quasi. Quod nam ipsa distinctio unde.', 'profile_94.jpg'),
(95, 95, 'Ismail Wahyuni', 'Accusamus iste natus nisi molestias. Temporibus tempora consequuntur saepe quis.', 'profile_95.jpg'),
(96, 96, 'Lutfan Prabowo', 'Vitae laudantium dicta modi officia. Reiciendis at rem laudantium.', 'profile_96.jpg'),
(97, 97, 'Mutia Puspasari', 'Omnis saepe deserunt hic. Rem illum accusantium ad sapiente asperiores.', 'profile_97.jpg'),
(98, 98, 'Drs. Adika Siregar', 'Eum eaque laborum magnam natus. Doloribus tempore voluptas rerum nisi.', 'profile_98.jpg'),
(99, 99, 'Oliva Usamah', 'At dolor quasi nihil repudiandae iste. Praesentium porro ipsa ducimus.', 'profile_99.jpg'),
(100, 100, 'Ir. Lala Hakim', 'Fugiat dicta debitis pariatur laudantium impedit laudantium.', 'profile_100.jpg'),
(101, 101, 'Zelaya Purnawati', 'Eligendi laborum ducimus tenetur. Consequatur enim soluta quo dolores hic.', 'profile_101.jpg'),
(102, 102, 'Puti Endah Putra', 'Omnis animi debitis. Ducimus natus ab consectetur vel quis.', 'profile_102.jpg'),
(103, 103, 'Cindy Mahendra, M.Ak', 'Dignissimos architecto nam nemo commodi. Similique assumenda similique non.', 'profile_103.jpg'),
(104, 104, 'Teguh Siregar, M.TI.', 'Vero omnis provident quia in. Ipsum sequi architecto. Architecto quia magnam numquam magni.', 'profile_104.jpg'),
(105, 105, 'Tania Astuti', 'Architecto repellat et sit. Facilis ex rem eos ad eligendi molestiae sapiente.', 'profile_105.jpg'),
(106, 106, 'Ratna Hutapea', 'Fuga tempora magnam ad nam libero. Vero ipsam facilis aspernatur.', 'profile_106.jpg'),
(107, 107, 'R. Almira Simbolon, S.H.', 'Officia quae accusamus ipsam culpa molestiae. Sunt repudiandae quam. Modi sequi illo ratione qui.', 'profile_107.jpg'),
(108, 108, 'Dr. Labuh Wahyudin', 'Nulla commodi culpa quidem. Debitis quibusdam atque earum cumque.', 'profile_108.jpg'),
(109, 109, 'Dr. Vanya Rajasa, M.Kom.', 'In quis consectetur facilis. Consectetur eum laboriosam est.', 'profile_109.jpg'),
(110, 110, 'Drs. Margana Melani, S.T.', 'Architecto ipsum saepe mollitia quae voluptates impedit. Assumenda expedita molestias dolorum.', 'profile_110.jpg'),
(111, 111, 'Umi Nainggolan', 'Deleniti nihil reiciendis commodi eius dolor.', 'profile_111.jpg'),
(112, 112, 'Embuh Fujiati', 'Quod nam hic. Repudiandae libero omnis libero animi officia aut. Labore neque molestias pariatur.', 'profile_112.jpg'),
(113, 113, 'Okto Halimah', 'Nemo veritatis tempore occaecati nobis explicabo. Minima expedita similique dicta omnis.', 'profile_113.jpg'),
(114, 114, 'Hj. Calista Hakim, S.Pd', 'Optio alias fuga harum aut. Blanditiis ab corrupti illo adipisci corporis velit eligendi.', 'profile_114.jpg'),
(115, 115, 'Emong Winarsih, S.Pt', 'Quisquam ut commodi praesentium dignissimos asperiores laudantium. Quidem quod possimus ab.', 'profile_115.jpg'),
(116, 116, 'Keisha Hutagalung', 'Dolorem non suscipit error. Accusantium neque sunt molestiae dolor tempore.', 'profile_116.jpg'),
(117, 117, 'Yuliana Nugroho', 'Exercitationem unde totam dolore itaque. Odio officia odio quae.', 'profile_117.jpg'),
(118, 118, 'drg. Faizah Padmasari', 'Nisi possimus voluptatibus quis. Inventore ipsam recusandae hic quisquam nulla inventore.', 'profile_118.jpg'),
(119, 119, 'Endah Pertiwi', 'Molestias reprehenderit asperiores officia assumenda. Eaque ducimus vero facere. Aut laborum cum.', 'profile_119.jpg'),
(120, 120, 'Anom Hardiansyah', 'Tempore ea quis unde consequuntur. Ab earum veniam repellendus. Quis dolorum dolores porro.', 'profile_120.jpg'),
(121, 121, 'Kamaria Mandala, S.E.I', 'Quia aliquid totam rem. Ab a beatae qui nobis expedita explicabo.', 'profile_121.jpg'),
(122, 122, 'Yani Hutapea, S.Pd', 'Aut culpa quam consequuntur id in. Sapiente quod explicabo perferendis iure facere.', 'profile_122.jpg'),
(123, 123, 'Sutan Wira Farida, S.H.', 'Quis quos nemo laborum. Quia quidem ut aut temporibus non. Ratione iusto ipsam aspernatur ipsum.', 'profile_123.jpg'),
(124, 124, 'Dr. Najam Wijayanti', 'Culpa laborum qui iste voluptate quidem fuga. Iusto quis quae libero.', 'profile_124.jpg'),
(125, 125, 'Sabar Winarsih', 'Sit consequuntur sequi magnam laudantium ab ipsam. Vel quos tempora repudiandae ad tempora ab.', 'profile_125.jpg'),
(126, 126, 'Farah Padmasari, S.H.', 'Sapiente quaerat magnam numquam debitis tempora.', 'profile_126.jpg'),
(127, 127, 'Ratih Zulaika', 'At soluta est neque aliquam quasi amet. Qui fugit dicta libero qui.', 'profile_127.jpg'),
(128, 128, 'Azalea Novitasari, S.T.', 'Ullam autem suscipit esse. Ut laudantium cumque quibusdam explicabo corporis dicta eligendi.', 'profile_128.jpg'),
(129, 129, 'Drs. Gina Permadi, M.Kom.', 'Animi distinctio in. Maiores reiciendis nemo sunt perferendis non. Harum quos quis.', 'profile_129.jpg'),
(130, 130, 'Unjani Wijayanti', 'Ipsum laudantium optio vero. Deleniti asperiores incidunt iusto sequi et nobis.', 'profile_130.jpg'),
(131, 131, 'Rahmi Siregar', 'Facilis officia incidunt. Doloribus ipsa ad eum.', 'profile_131.jpg'),
(132, 132, 'Dwi Nuraini', 'Sapiente ducimus aliquid odit. Voluptatem voluptates incidunt.', 'profile_132.jpg'),
(133, 133, 'Jaga Budiman', 'Ullam natus omnis amet magnam quis. Suscipit vel totam cum aspernatur dicta officia.', 'profile_133.jpg'),
(134, 134, 'Purwadi Nababan', 'Eius necessitatibus soluta eum. Non quae optio natus in architecto magnam incidunt.', 'profile_134.jpg'),
(135, 135, 'Dt. Tedi Putra', 'Veniam officiis repellat alias aliquam minus voluptatibus.', 'profile_135.jpg'),
(136, 136, 'Janet Kusmawati', 'Facere suscipit molestias sed delectus a.', 'profile_136.jpg'),
(137, 137, 'Ir. Suci Yuliarti', 'Eos eos voluptatibus omnis animi optio nostrum. Facilis corporis doloremque a nihil.', 'profile_137.jpg'),
(138, 138, 'Cahya Mardhiyah, M.Kom.', 'Autem delectus alias sint exercitationem incidunt et excepturi. Iste aspernatur vero illo.', 'profile_138.jpg'),
(139, 139, 'Tgk. Jefri Sihombing, M.TI.', 'Cumque ratione officia nulla officiis eligendi voluptatibus. Animi modi perferendis reiciendis.', 'profile_139.jpg'),
(140, 140, 'Carla Prasasta', 'Voluptatibus culpa quia blanditiis veniam. Facere ipsum rem eligendi. Odit fugit a praesentium.', 'profile_140.jpg'),
(141, 141, 'Sarah Wibisono, S.Farm', 'Similique laborum aspernatur blanditiis vel cumque fugit id.', 'profile_141.jpg'),
(142, 142, 'Dr. Putri Sinaga', 'Dicta nobis qui ducimus blanditiis sequi est. Quam consectetur sed.', 'profile_142.jpg'),
(143, 143, 'Wadi Palastri', 'Ducimus neque laudantium sequi beatae. Tempora impedit voluptas dicta rerum.', 'profile_143.jpg'),
(144, 144, 'Tgk. Olivia Pratiwi, S.Sos', 'Vel eligendi atque eius. Numquam blanditiis ipsum impedit dolores repellat id.', 'profile_144.jpg'),
(145, 145, 'Ir. Bambang Prakasa', 'Praesentium at laborum.', 'profile_145.jpg'),
(146, 146, 'Cakrawangsa Najmudin', 'Accusamus ab omnis voluptatibus possimus. Alias ipsum fugit quod itaque ullam modi.', 'profile_146.jpg'),
(147, 147, 'Dr. Sarah Laksmiwati, S.H.', 'Fugit ea ipsam earum assumenda. Iure delectus a repellat non quo.', 'profile_147.jpg'),
(148, 148, 'Ellis Safitri', 'Nesciunt cumque iste quae.', 'profile_148.jpg'),
(149, 149, 'Rahayu Kusumo', 'Beatae maiores repudiandae recusandae quibusdam aut sed.', 'profile_149.jpg'),
(150, 150, 'R.M. Lukita Saefullah, S.E.', 'Deserunt libero consequatur quos. Architecto iure ratione nihil error.', 'profile_150.jpg'),
(151, 151, 'Aisyah Hidayanto', 'Expedita maxime saepe voluptate incidunt. Veniam sapiente voluptatem voluptatibus.', 'profile_151.jpg'),
(152, 152, 'Ratih Purnawati', 'Ratione illo placeat voluptas ab officiis. Qui et doloribus autem.', 'profile_152.jpg'),
(153, 153, 'Sutan Jasmani Widiastuti, S.IP', 'Id praesentium velit tempora. Facere veniam aut assumenda ipsam. Fuga eum quaerat ipsum.', 'profile_153.jpg'),
(154, 154, 'Tgk. Zizi Irawan', 'Recusandae occaecati ullam.', 'profile_154.jpg'),
(155, 155, 'Padmi Wahyudin, S.E.I', 'Corporis ratione laboriosam asperiores adipisci delectus aut. Fugit impedit eum amet.', 'profile_155.jpg'),
(156, 156, 'Samsul Halim', 'Dolorem animi porro vero quo consequatur deleniti. Ipsa adipisci perspiciatis nulla earum maxime.', 'profile_156.jpg'),
(157, 157, 'Limar Budiyanto', 'Vel minima dolore illum. Molestias exercitationem nobis libero aspernatur nemo aut.', 'profile_157.jpg'),
(158, 158, 'dr. Ika Pangestu', 'Corporis similique quia dolorum esse itaque placeat.', 'profile_158.jpg'),
(159, 159, 'Puspa Winarsih, S.Psi', 'Non mollitia error earum asperiores commodi. Laboriosam tempore qui vero. Minima iste neque itaque.', 'profile_159.jpg'),
(160, 160, 'Asman Zulkarnain, S.Pd', 'Architecto ipsum similique necessitatibus ex. Facere nam assumenda ipsa.', 'profile_160.jpg'),
(161, 161, 'Vicky Sitompul', 'Quas laborum omnis. Quas in nobis assumenda in necessitatibus minima.\nFacere commodi corporis in.', 'profile_161.jpg'),
(162, 162, 'Muni Anggriawan', 'Libero ex in nemo cupiditate eum. Fugit modi ut.', 'profile_162.jpg'),
(163, 163, 'Galur Waskita', 'Beatae unde numquam. Quis nesciunt similique quo ipsum ab totam.', 'profile_163.jpg'),
(164, 164, 'Vero Laksita, S.Farm', 'Voluptas sit consequuntur fuga voluptate officia. Nulla quibusdam officia sunt.', 'profile_164.jpg'),
(165, 165, 'R.M. Kanda Nashiruddin, S.H.', 'Voluptatum dolor magnam at aut. Vel amet ea quae ipsa recusandae. Reprehenderit perferendis nam.', 'profile_165.jpg'),
(166, 166, 'Jaka Maulana', 'Dolor itaque voluptatibus sequi vel. Maiores explicabo exercitationem animi.', 'profile_166.jpg'),
(167, 167, 'Eva Sudiati', 'Numquam blanditiis ullam excepturi. Aperiam distinctio ullam fuga ratione modi.', 'profile_167.jpg'),
(168, 168, 'Dadi Usamah', 'Earum tenetur quia aperiam voluptates. Ab explicabo harum quam architecto.', 'profile_168.jpg'),
(169, 169, 'KH. Jayadi Andriani, M.Pd', 'Dicta iste molestias animi nam soluta. Nobis enim perferendis velit earum est aliquam ipsam.', 'profile_169.jpg'),
(170, 170, 'Kunthara Namaga', 'Laudantium sapiente corporis ut. Consectetur consectetur ex. Eius ut nulla cum.', 'profile_170.jpg'),
(171, 171, 'Lidya Salahudin', 'Error voluptas labore debitis provident saepe officiis.', 'profile_171.jpg'),
(172, 172, 'Lalita Sitompul, S.E.I', 'Non expedita animi a debitis itaque repellat eius. Reprehenderit perspiciatis atque sequi pariatur.', 'profile_172.jpg'),
(173, 173, 'Harjaya Safitri', 'Atque consequuntur suscipit similique voluptate reiciendis vero.', 'profile_173.jpg'),
(174, 174, 'Siti Saptono, S.E.I', 'Saepe alias sunt dolorum. Aut tenetur dolorum pariatur iure perferendis officia eius.', 'profile_174.jpg'),
(175, 175, 'Oni Palastri', 'Velit nam sunt fugit ducimus.', 'profile_175.jpg'),
(176, 176, 'Azalea Marbun', 'Ratione cupiditate perspiciatis porro repudiandae adipisci.', 'profile_176.jpg'),
(177, 177, 'Edi Prayoga', 'Quam excepturi numquam repellat id. Amet unde quia sapiente.', 'profile_177.jpg'),
(178, 178, 'Jumadi Halim', 'Amet optio vero. At ex architecto molestias labore adipisci expedita aliquid. Facere dolore totam.', 'profile_178.jpg'),
(179, 179, 'Sari Haryanto', 'Unde quos laudantium minus quam quas odit. Velit dolorem quos culpa.', 'profile_179.jpg'),
(180, 180, 'Cut Aisyah Yuliarti', 'Dicta vel vitae asperiores cupiditate. Ea molestias quae cum beatae blanditiis ex. Ad atque ex.', 'profile_180.jpg'),
(181, 181, 'dr. Mila Yolanda, S.Pd', 'Provident numquam inventore officiis tenetur odio expedita. Cumque dolor minima.', 'profile_181.jpg'),
(182, 182, 'Lega Mulyani', 'Quo accusantium fugit. Facere tempora cumque harum optio.', 'profile_182.jpg'),
(183, 183, 'Cengkal Winarsih', 'Iusto possimus consequatur officia est magni quaerat. Eos sapiente accusamus dolores.', 'profile_183.jpg'),
(184, 184, 'H. Caraka Situmorang, M.M.', 'Harum odit fugiat consectetur maxime et. Et assumenda enim magni quis ipsum enim.', 'profile_184.jpg'),
(185, 185, 'Ir. Jamalia Rajata', 'Deleniti quisquam accusantium adipisci iure. Porro nulla nulla accusantium magnam.', 'profile_185.jpg'),
(186, 186, 'Cut Yuliana Kurniawan', 'Nostrum voluptas dignissimos doloremque totam repellendus nesciunt. Quod tempore repellat sit.', 'profile_186.jpg'),
(187, 187, 'Bella Maheswara', 'Expedita minima sint corporis alias labore. Commodi in quo.', 'profile_187.jpg'),
(188, 188, 'Aurora Permadi', 'Dolor accusamus doloremque odio iste. Cum dolore saepe soluta nobis blanditiis minus.', 'profile_188.jpg'),
(189, 189, 'Artanto Mardhiyah', 'Porro pariatur quis fugit libero. Consequatur minus hic aut id.', 'profile_189.jpg'),
(190, 190, 'Malika Fujiati', 'Iure culpa magnam esse. Ipsam exercitationem nemo vel.', 'profile_190.jpg'),
(191, 191, 'KH. Abyasa Yuliarti, S.Kom', 'Minima rerum veniam saepe. Delectus sequi ipsa in vero ullam quisquam.', 'profile_191.jpg'),
(192, 192, 'Galur Putra, S.T.', 'Sunt dignissimos ipsa fuga eum impedit omnis officiis. Commodi ullam temporibus quasi nemo.', 'profile_192.jpg'),
(193, 193, 'R.A. Uli Mustofa, S.Kom', 'Non commodi itaque at officiis ab. Sint dolorem numquam totam eos assumenda alias.', 'profile_193.jpg'),
(194, 194, 'Rahayu Pranowo, S.H.', 'Qui fugit repellat laboriosam earum ipsum sint.\nSit dignissimos totam. Accusantium facere sed.', 'profile_194.jpg'),
(195, 195, 'Nadine Purnawati', 'Hic sint voluptate perspiciatis aut.', 'profile_195.jpg'),
(196, 196, 'Shania Prasetyo', 'Est labore at voluptate. Excepturi officiis enim at ut perspiciatis tempora.', 'profile_196.jpg'),
(197, 197, 'T. Cahyanto Sudiati, S.Psi', 'Aliquam animi labore earum. Eaque ad fuga mollitia.', 'profile_197.jpg'),
(198, 198, 'Sutan Luwes Haryanto', 'Suscipit iste fuga veritatis. Assumenda est blanditiis impedit molestias fuga doloremque.', 'profile_198.jpg'),
(199, 199, 'Cager Simbolon', 'Enim praesentium necessitatibus sapiente tempora. Non optio exercitationem.', 'profile_199.jpg'),
(200, 200, 'Drs. Ani Palastri, S.H.', 'Nemo tenetur laboriosam facere.', 'profile_200.jpg'),
(201, 201, 'Damu Wacana, S.E.I', 'Eos qui sint dolore eos possimus. Nobis molestias aspernatur cupiditate.', 'profile_201.jpg'),
(202, 202, 'Dinda Mardhiyah, S.E.I', 'Veniam ipsum nemo sit nulla corrupti nam. Odit quis repudiandae ad. Ipsa esse aliquam non.', 'profile_202.jpg'),
(203, 203, 'Bakiono Purnawati', 'Et voluptatem dolorem. Officia dolore quis voluptas fugiat consequatur.', 'profile_203.jpg'),
(204, 204, 'Hana Hastuti', 'Modi nihil quae occaecati. Quia minima quaerat.', 'profile_204.jpg'),
(205, 205, 'Rama Hassanah', 'Quia perferendis omnis eveniet nobis. Quidem nihil ea culpa.', 'profile_205.jpg'),
(206, 206, 'Dr. Banawa Nuraini', 'Cumque rem quas illo eaque iste. Modi quaerat repellat accusantium accusamus. Eius ab fuga impedit.', 'profile_206.jpg'),
(207, 207, 'Sutan Galur Santoso, S.Pd', 'Rem voluptate occaecati repudiandae aut optio. Distinctio debitis minima ducimus vero quia sint.', 'profile_207.jpg'),
(208, 208, 'Dian Sitorus', 'Quia tenetur pariatur. Repellendus accusantium ea veniam nisi dolorem quas.\nRem ex atque quia.', 'profile_208.jpg'),
(209, 209, 'Kiandra Siregar', 'Debitis culpa officiis. Esse optio impedit ratione sunt debitis.', 'profile_209.jpg'),
(210, 210, 'Fathonah Situmorang', 'Possimus mollitia nam magnam. Molestias sed totam dolor tempora ea.\nOdio placeat modi ab.', 'profile_210.jpg'),
(211, 211, 'Endah Mandasari', 'Consectetur non atque quod. Neque esse error a veniam est quasi.', 'profile_211.jpg'),
(212, 212, 'Jagapati Saragih', 'Dolorum excepturi totam ipsam.\nSed adipisci nemo iusto voluptate repellat aspernatur.', 'profile_212.jpg'),
(213, 213, 'R. Carla Irawan', 'Hic sunt alias sapiente.', 'profile_213.jpg'),
(214, 214, 'Nugraha Utama', 'Qui cum voluptate facilis. Doloribus placeat quo accusamus incidunt voluptate ducimus.', 'profile_214.jpg'),
(215, 215, 'Dimas Novitasari', 'Eveniet dignissimos mollitia fuga. Eveniet at eius aliquam libero beatae.', 'profile_215.jpg'),
(216, 216, 'Kenes Sirait, M.M.', 'Dolores expedita aut ratione incidunt ut. Recusandae minima quae voluptate accusantium velit.', 'profile_216.jpg'),
(217, 217, 'Dr. Perkasa Hartati', 'Maxime eos itaque unde quaerat. Eum enim blanditiis porro.', 'profile_217.jpg'),
(218, 218, 'Kasiran Hidayat', 'Inventore laborum deserunt eos. Doloremque neque quisquam quos quisquam eligendi autem architecto.', 'profile_218.jpg'),
(219, 219, 'Dr. Zamira Tampubolon, S.Pt', 'Deleniti quam totam modi quis. Ut aperiam porro error corrupti. Exercitationem ea earum ullam.', 'profile_219.jpg'),
(220, 220, 'Daruna Halimah', 'Asperiores voluptate accusantium laboriosam. Provident esse laudantium dolores eligendi.', 'profile_220.jpg'),
(221, 221, 'Ami Laksita, M.Kom.', 'Cumque expedita esse nesciunt itaque. Sint saepe impedit animi debitis praesentium.', 'profile_221.jpg'),
(222, 222, 'Hj. Siska Wasita', 'Vero explicabo ut totam pariatur. Facere harum quibusdam assumenda a reprehenderit.', 'profile_222.jpg'),
(223, 223, 'Juli Saptono', 'Numquam eveniet quisquam nesciunt dolorem magnam eum iure.', 'profile_223.jpg'),
(224, 224, 'Hartaka Yolanda', 'Nihil eligendi cum quia ullam. Natus ipsa fuga illo.', 'profile_224.jpg'),
(225, 225, 'T. Jabal Wijayanti', 'Accusamus expedita omnis doloribus sint.', 'profile_225.jpg'),
(226, 226, 'R. Prabawa Rajata, S.E.I', 'Autem enim ipsa. Consequuntur eius provident natus dolores.', 'profile_226.jpg'),
(227, 227, 'R.M. Carub Firmansyah', 'Aperiam rem non quam eveniet iusto praesentium.', 'profile_227.jpg'),
(228, 228, 'KH. Hasan Pratiwi, M.TI.', 'Distinctio quisquam ullam illo accusantium. Omnis nesciunt minima quaerat repudiandae eos.', 'profile_228.jpg'),
(229, 229, 'R.A. Lalita Halim, M.M.', 'Ipsum soluta quis consectetur sequi. Harum hic illum atque consectetur.', 'profile_229.jpg'),
(230, 230, 'dr. Balamantri Anggraini', 'Explicabo repellat vel libero. Aperiam eligendi ipsum nulla sequi consequuntur distinctio quo.', 'profile_230.jpg'),
(231, 231, 'Rina Nurdiyanti', 'Minus totam dolores fugit et. Odit ipsa iure fuga laborum. Officiis totam fugit ut possimus illum.', 'profile_231.jpg'),
(232, 232, 'Iriana Mahendra', 'Ad voluptatibus accusamus atque. Nobis a similique.', 'profile_232.jpg'),
(233, 233, 'Irfan Firgantoro', 'Expedita ipsam ea error rem deserunt quidem. Ullam dignissimos vero nobis provident et nam.', 'profile_233.jpg'),
(234, 234, 'Nilam Iswahyudi, S.Ked', 'Debitis et suscipit in quod numquam commodi. Architecto autem odit.', 'profile_234.jpg'),
(235, 235, 'Siti Usada, S.E.I', 'Quam illo corporis dolore. Saepe id atque. Aliquid ex architecto nostrum quo optio.', 'profile_235.jpg'),
(236, 236, 'Bajragin Suryatmi', 'Assumenda temporibus commodi iure deserunt. Eum eligendi voluptas veniam.', 'profile_236.jpg'),
(237, 237, 'dr. Queen Tamba', 'In magnam blanditiis exercitationem. Reiciendis distinctio tempore officia. Quam quod facilis.', 'profile_237.jpg'),
(238, 238, 'Drs. Warta Hassanah, S.Pd', 'Nesciunt dolor dolore magnam quisquam eaque. Eveniet similique fugit sunt harum qui error.', 'profile_238.jpg'),
(239, 239, 'Hj. Endah Napitupulu, S.E.', 'Maiores ab fugiat adipisci. Ratione eum quidem ea voluptate. Autem nobis rem nostrum.', 'profile_239.jpg'),
(240, 240, 'Jayadi Wibisono, S.Psi', 'Alias expedita illo quisquam quidem.', 'profile_240.jpg'),
(241, 241, 'Cinta Yulianti', 'Qui nihil beatae facilis soluta. Autem eveniet nemo.', 'profile_241.jpg'),
(242, 242, 'Tiara Nuraini', 'Id incidunt cum. Ad eos necessitatibus laboriosam. Exercitationem minima ut maxime.', 'profile_242.jpg'),
(243, 243, 'Zamira Hakim', 'Magni vel at perferendis molestiae ullam. Sint corporis sed occaecati.', 'profile_243.jpg'),
(244, 244, 'Drs. Emas Uyainah, S.T.', 'Quidem aliquid magnam esse vero autem. Magni nostrum totam repellat dolore ipsum quo.', 'profile_244.jpg'),
(245, 245, 'Darimin Mandala', 'Cupiditate quibusdam maxime quae. Quasi natus voluptatem suscipit quis iste possimus veritatis.', 'profile_245.jpg'),
(246, 246, 'Okto Yolanda', 'Sapiente error iure. Earum sapiente atque minima debitis. Excepturi accusantium nesciunt animi.', 'profile_246.jpg'),
(247, 247, 'H. Mahfud Hakim', 'Quidem magnam eveniet excepturi. Quam nostrum qui consectetur. Laborum hic eius.', 'profile_247.jpg'),
(248, 248, 'Gasti Rahimah', 'Expedita maiores fugiat provident laborum. Magnam atque sed numquam hic.', 'profile_248.jpg'),
(249, 249, 'Kani Pertiwi', 'Magnam consequatur vel vitae nisi laudantium error recusandae. Quasi nihil harum.', 'profile_249.jpg'),
(250, 250, 'Balidin Salahudin', 'Laborum ea modi saepe alias perspiciatis. Cum assumenda nostrum deleniti impedit voluptates.', 'profile_250.jpg'),
(251, 251, 'Raharja Rahayu', 'Consequatur officiis maiores deleniti eligendi aliquam.', 'profile_251.jpg'),
(252, 252, 'R.M. Okta Ardianto, M.Pd', 'Tenetur consectetur sed et consequatur cum similique. Odio unde quibusdam placeat ipsa.', 'profile_252.jpg'),
(253, 253, 'Tami Iswahyudi', 'Iusto dolorem cupiditate eveniet velit consectetur.', 'profile_253.jpg'),
(254, 254, 'Drs. Safina Rajata, S.T.', 'Ad excepturi culpa eius quis.', 'profile_254.jpg'),
(255, 255, 'Hj. Salimah Manullang, M.Kom.', 'Iusto perferendis totam. Quia perferendis amet doloribus eaque mollitia. Labore beatae maxime unde.', 'profile_255.jpg'),
(256, 256, 'Sabrina Prasetya', 'Libero cumque voluptatem incidunt.\nVoluptatem sint est asperiores. Sed sint sapiente nemo ea ab.', 'profile_256.jpg'),
(257, 257, 'Ajeng Prasetyo', 'Iste aut rerum similique fugiat.', 'profile_257.jpg'),
(258, 258, 'Yosef Natsir', 'Est dolorem quae architecto impedit.', 'profile_258.jpg'),
(259, 259, 'KH. Edi Andriani', 'Ex saepe dolore tenetur explicabo magni fuga. Quasi quibusdam id magnam maxime totam dignissimos.', 'profile_259.jpg'),
(260, 260, 'Hardana Palastri', 'Et debitis dolor. Aliquid aperiam quaerat tempora. Earum cumque facere nihil iure velit a.', 'profile_260.jpg'),
(261, 261, 'Muni Oktaviani, S.Ked', 'Nulla ipsum odit quis dolor perspiciatis quia. At facilis ex commodi est.', 'profile_261.jpg'),
(262, 262, 'Salwa Prayoga, S.Farm', 'Molestiae animi quisquam at. Reprehenderit laboriosam asperiores at.', 'profile_262.jpg'),
(263, 263, 'Harto Januar', 'Magni occaecati adipisci optio accusantium illo fugiat.', 'profile_263.jpg'),
(264, 264, 'Drs. Ade Setiawan, S.IP', 'Eveniet voluptatum in doloremque nobis perferendis. Libero autem vel recusandae.', 'profile_264.jpg'),
(265, 265, 'dr. Lukita Fujiati', 'Praesentium ut id error accusantium.', 'profile_265.jpg'),
(266, 266, 'Dt. Harimurti Nasyiah', 'Laborum inventore sunt porro error voluptates. Omnis adipisci dolore dolorem.', 'profile_266.jpg'),
(267, 267, 'Unjani Nainggolan', 'Vel maiores ea laborum alias. Similique praesentium iste accusantium.', 'profile_267.jpg'),
(268, 268, 'Ibrani Utama', 'Natus veritatis quisquam perferendis. Magnam et laborum quibusdam atque consequatur.', 'profile_268.jpg'),
(269, 269, 'Sutan Jarwi Hutapea, M.Farm', 'Adipisci eum dolorum ab. Laudantium quia porro corporis harum. Expedita nihil doloremque.', 'profile_269.jpg'),
(270, 270, 'Oliva Usada, S.Ked', 'Laboriosam maiores sint et reprehenderit.', 'profile_270.jpg'),
(271, 271, 'T. Tri Anggraini', 'Ratione sed eos. Illo velit vel repudiandae.\nEnim sint iusto.', 'profile_271.jpg'),
(272, 272, 'Ana Kusmawati', 'Nam quis facilis perferendis. Accusantium commodi maxime veniam quibusdam.', 'profile_272.jpg'),
(273, 273, 'Drs. Wardaya Mardhiyah', 'Laborum dolore illo voluptate tenetur perspiciatis aliquid.', 'profile_273.jpg'),
(274, 274, 'Vivi Pudjiastuti', 'Ratione possimus ad voluptate. Eius est libero rem voluptatibus voluptates itaque.', 'profile_274.jpg'),
(275, 275, 'Argono Saefullah', 'Laudantium beatae officiis sit temporibus exercitationem. Asperiores possimus vero doloribus.', 'profile_275.jpg'),
(276, 276, 'Cut Gawati Iswahyudi', 'Asperiores possimus quas neque recusandae aperiam.', 'profile_276.jpg'),
(277, 277, 'Oni Wibowo, S.IP', 'Deleniti dolorum possimus dolores amet sed corporis.', 'profile_277.jpg'),
(278, 278, 'Hasta Mustofa, S.Psi', 'Iste deleniti officiis qui. Adipisci dolorum veritatis eligendi ipsam.', 'profile_278.jpg'),
(279, 279, 'Nugraha Palastri', 'Corporis exercitationem facilis optio architecto tenetur. Libero culpa adipisci dolores.', 'profile_279.jpg'),
(280, 280, 'Salwa Lestari, S.Pd', 'Voluptates incidunt delectus.', 'profile_280.jpg'),
(281, 281, 'Muhammad Saptono', 'Unde sapiente quos neque.\nConsequatur voluptate iste quaerat. Eum labore maxime aliquam.', 'profile_281.jpg'),
(282, 282, 'Kemal Sitorus', 'Cupiditate aliquid quis harum consequatur optio. Similique porro tempore voluptas.', 'profile_282.jpg'),
(283, 283, 'Vanya Haryanto', 'Ad facere ullam dicta animi tenetur asperiores. Qui quasi eaque quo nisi rerum ullam.', 'profile_283.jpg'),
(284, 284, 'Dasa Sitompul', 'Tempore temporibus et culpa a. Sed quo nostrum fugiat.', 'profile_284.jpg'),
(285, 285, 'R. Warji Rajasa', 'Ad cum eum commodi. Aliquid deleniti ullam earum exercitationem.', 'profile_285.jpg'),
(286, 286, 'Zelda Sihombing', 'Exercitationem autem voluptas. Tempore natus quasi soluta sit. Eaque odio eaque natus.', 'profile_286.jpg'),
(287, 287, 'Galih Mansur', 'Cumque esse hic alias odio dolorum. Similique consectetur sed atque nam.', 'profile_287.jpg'),
(288, 288, 'Hartaka Pertiwi', 'Repellendus eius quae ex numquam earum. Magni illum illo maxime numquam.', 'profile_288.jpg'),
(289, 289, 'Danu Hidayanto', 'Possimus repellendus beatae vitae. Earum animi animi error enim.', 'profile_289.jpg'),
(290, 290, 'Kasiyah Pradipta, S.Gz', 'Exercitationem minima tempore ipsam. Quo corrupti voluptate quae maxime nemo.', 'profile_290.jpg'),
(291, 291, 'Kartika Maheswara', 'Esse minus enim optio nisi excepturi autem. Voluptatem sapiente illum officiis omnis.', 'profile_291.jpg'),
(292, 292, 'Uli Lazuardi', 'Culpa nobis est velit excepturi sequi.', 'profile_292.jpg'),
(293, 293, 'R.A. Ilsa Wulandari', 'Reprehenderit voluptas adipisci. Cumque tempora corrupti quibusdam pariatur laboriosam.', 'profile_293.jpg'),
(294, 294, 'Tgk. Unjani Sudiati, S.Farm', 'Explicabo reiciendis expedita sed alias. Necessitatibus ipsa maxime libero ratione tempore.', 'profile_294.jpg'),
(295, 295, 'Purwanto Waluyo', 'Consequuntur error sed numquam omnis quidem. Aliquam eligendi soluta accusantium.', 'profile_295.jpg'),
(296, 296, 'Fitriani Hutagalung, S.Ked', 'Sed numquam debitis culpa dolor asperiores porro. Quam dolorem magni culpa expedita neque error.', 'profile_296.jpg'),
(297, 297, 'Langgeng Wahyudin', 'Porro ratione blanditiis impedit. Qui et nesciunt ipsam cupiditate aliquam perferendis.', 'profile_297.jpg'),
(298, 298, 'Hilda Nasyidah', 'Dicta assumenda ab sit. Enim dolor dignissimos asperiores.', 'profile_298.jpg'),
(299, 299, 'T. Lukman Tampubolon, S.Kom', 'Earum necessitatibus sit. Veritatis dolores eum illum omnis ipsam.', 'profile_299.jpg'),
(300, 300, 'Tina Budiman', 'Enim debitis atque ab odio fugiat. Praesentium expedita nihil ullam.', 'profile_300.jpg'),
(301, 301, 'Vicky Siregar', 'Distinctio animi id. Voluptatibus autem illo iste odio placeat.', 'profile_301.jpg'),
(302, 302, 'Titin Prayoga', 'Iusto ea velit debitis. Vero nam quidem a illo ex. Minus praesentium deserunt.', 'profile_302.jpg'),
(303, 303, 'Wadi Rahmawati', 'Cupiditate ullam voluptate alias. Vero eum non perferendis eos. Recusandae at commodi eveniet.', 'profile_303.jpg'),
(304, 304, 'Sutan Satya Simanjuntak, S.Gz', 'Doloremque eius nesciunt culpa. Aliquid consectetur itaque delectus tempora repudiandae nostrum.', 'profile_304.jpg'),
(305, 305, 'Dr. Ganda Hutapea, S.IP', 'Magni ad quidem.', 'profile_305.jpg'),
(306, 306, 'Raden Salahudin', 'Eveniet possimus expedita ducimus doloremque sapiente. Nisi voluptatibus quasi exercitationem.', 'profile_306.jpg'),
(307, 307, 'Legawa Narpati', 'Nobis harum saepe quos qui. Alias dolorum necessitatibus aspernatur labore.', 'profile_307.jpg'),
(308, 308, 'Nurul Saptono', 'Quod exercitationem sed illum. Placeat at ex pariatur expedita quidem blanditiis.', 'profile_308.jpg'),
(309, 309, 'Gawati Utama', 'Debitis quidem magnam doloremque.\nEst adipisci quibusdam voluptatum.', 'profile_309.jpg'),
(310, 310, 'Jail Purnawati', 'Eos in fuga debitis enim eaque. Exercitationem asperiores ipsum provident officiis quod.', 'profile_310.jpg'),
(311, 311, 'Titi Wastuti', 'Dolorum cum dicta dicta quos quia quam.', 'profile_311.jpg'),
(312, 312, 'Opung Sihombing', 'Maxime ullam animi ad dolor at eaque ducimus. Perferendis pariatur nisi facilis exercitationem.', 'profile_312.jpg'),
(313, 313, 'Ciaobella Siregar', 'Reprehenderit adipisci saepe quae ea tempore. Fuga fugiat expedita enim. Numquam nihil dolores.', 'profile_313.jpg'),
(314, 314, 'Puti Mustofa', 'Sed atque odio quas iusto dolore veritatis.\nVitae cumque ab nemo fugiat.', 'profile_314.jpg'),
(315, 315, 'Tami Adriansyah', 'Sint totam quidem.', 'profile_315.jpg'),
(316, 316, 'Luwes Dabukke', 'Quibusdam assumenda dolores. Quis sint non odio asperiores eveniet.', 'profile_316.jpg'),
(317, 317, 'Gangsa Narpati', 'Quasi officia libero doloremque laborum iure.', 'profile_317.jpg'),
(318, 318, 'Cakrabuana Widiastuti', 'Blanditiis harum nam rerum tempora. Eos ut rem praesentium fugit illo.\nOdio eaque maiores.', 'profile_318.jpg'),
(319, 319, 'Aslijan Prakasa', 'Quo eum voluptatibus. Quaerat fugit perspiciatis iste quo. Id neque amet officia rerum.', 'profile_319.jpg'),
(320, 320, 'Kayla Nugroho', 'Ab commodi modi tenetur. Ut consequuntur corrupti impedit placeat id quas nesciunt.', 'profile_320.jpg'),
(321, 321, 'Qori Nuraini, S.Pd', 'Modi ipsam omnis reiciendis a. Consequuntur eveniet fuga accusamus.', 'profile_321.jpg'),
(322, 322, 'Puti Kasiyah Safitri', 'Ipsum odit quas. Dolorum neque quibusdam.', 'profile_322.jpg'),
(323, 323, 'Bambang Putra', 'Magnam dolore culpa. Tempore facere voluptatum illum odit.', 'profile_323.jpg'),
(324, 324, 'Hj. Kasiyah Safitri', 'A labore soluta dignissimos quam. Nemo tempora iure expedita numquam facilis dolor laboriosam.', 'profile_324.jpg'),
(325, 325, 'Lidya Firgantoro', 'Reiciendis consectetur delectus ducimus qui labore sint nihil.', 'profile_325.jpg'),
(326, 326, 'Padmi Santoso', 'Amet placeat placeat explicabo necessitatibus. Aperiam ducimus ea aperiam voluptate error.', 'profile_326.jpg'),
(327, 327, 'Zamira Tampubolon', 'Eos facilis id totam tempore. Totam delectus accusamus tempora eveniet.', 'profile_327.jpg'),
(328, 328, 'Bakiono Dongoran', 'Dolorum soluta placeat. Dicta illo explicabo voluptatem.', 'profile_328.jpg'),
(329, 329, 'Paiman Anggraini', 'Atque hic quo. Vero tempora autem commodi. Sequi perferendis officiis dolorum veritatis.', 'profile_329.jpg'),
(330, 330, 'R.M. Radika Pradipta', 'Vero suscipit vitae repellat ipsam. Itaque necessitatibus ducimus veritatis veniam id dicta.', 'profile_330.jpg'),
(331, 331, 'R. Halima Palastri', 'Ad culpa porro. Ab numquam labore consequatur ullam.', 'profile_331.jpg'),
(332, 332, 'Malika Nasyiah', 'Id repellat consectetur officiis in. Provident placeat enim ducimus.', 'profile_332.jpg'),
(333, 333, 'Damar Saefullah', 'Totam molestiae inventore magnam commodi eum accusantium laborum.', 'profile_333.jpg'),
(334, 334, 'Putri Putra', 'Aliquid repellat eveniet molestiae ullam dolor molestias. Dolore harum explicabo reprehenderit.', 'profile_334.jpg'),
(335, 335, 'Dono Sirait, M.Pd', 'Quae nemo voluptate id blanditiis. Maxime nemo ex laudantium.', 'profile_335.jpg'),
(336, 336, 'Gada Rahayu', 'Nostrum sit beatae. Dicta fugit vitae error. Et soluta distinctio dolor recusandae.', 'profile_336.jpg'),
(337, 337, 'Drs. Luhung Samosir', 'Unde dolore magni. Quam accusantium quas doloremque.', 'profile_337.jpg'),
(338, 338, 'Cindy Wacana', 'Iure ducimus quasi vitae. Corrupti quod excepturi recusandae. Eaque voluptatibus numquam vero.', 'profile_338.jpg'),
(339, 339, 'Jamil Susanti', 'Quaerat distinctio optio. Ducimus consequatur quia sapiente.', 'profile_339.jpg'),
(340, 340, 'Melinda Rahimah', 'Exercitationem culpa odit accusamus similique. Earum atque in quia repellendus sint quod.', 'profile_340.jpg'),
(341, 341, 'Yance Lailasari', 'Dolorem ut sint animi tenetur commodi. Rerum debitis facilis occaecati.', 'profile_341.jpg'),
(342, 342, 'Zelaya Dongoran', 'Quas odio fugiat atque autem soluta. Occaecati modi magnam.', 'profile_342.jpg'),
(343, 343, 'Titin Sihombing, S.T.', 'Tempora quod illum eius molestiae fugit.', 'profile_343.jpg'),
(344, 344, 'Warta Prasetyo', 'Eveniet impedit qui corporis. Maiores architecto nulla.', 'profile_344.jpg'),
(345, 345, 'Irwan Sudiati', 'Impedit soluta unde officiis iure officiis modi. Quaerat sint saepe.', 'profile_345.jpg'),
(346, 346, 'Ir. Emas Hakim', 'Blanditiis dignissimos incidunt aliquid libero voluptate. Nemo eius fugit aut cum temporibus.', 'profile_346.jpg'),
(347, 347, 'Dt. Marwata Gunawan', 'Commodi adipisci nesciunt facere.\nEnim exercitationem doloremque. Hic dicta molestias minima animi.', 'profile_347.jpg'),
(348, 348, 'Capa Puspita', 'Aliquam vel voluptatibus consequatur vitae vero. Alias amet vero tenetur placeat minus.', 'profile_348.jpg'),
(349, 349, 'Tantri Halim', 'Iusto id ad similique.\nMinima quae animi ullam deleniti iure quibusdam.', 'profile_349.jpg'),
(350, 350, 'Tgk. Tira Siregar', 'Esse totam dolores facere rerum cupiditate fuga.', 'profile_350.jpg'),
(351, 351, 'Akarsana Melani', 'Aspernatur reprehenderit rerum minima iusto et. Dolore itaque occaecati magnam.', 'profile_351.jpg'),
(352, 352, 'Tiara Riyanti', 'Aspernatur eaque illo quod officiis eligendi repellat ab.', 'profile_352.jpg'),
(353, 353, 'Nurul Rajasa', 'Vero dolorem a suscipit eum officia. Ea temporibus quod ut fugit velit.', 'profile_353.jpg'),
(354, 354, 'Dr. Cakrabuana Januar', 'Dolor at et eveniet recusandae aliquid vero. Quis maiores cupiditate magnam. Ab illum doloribus.', 'profile_354.jpg'),
(355, 355, 'Radit Laksita, M.Farm', 'Neque officiis atque. Hic sapiente et consequuntur a facilis.', 'profile_355.jpg'),
(356, 356, 'Nadia Nurdiyanti', 'Aliquam tenetur illo vero assumenda quos earum. Autem vero laboriosam assumenda dolores error.', 'profile_356.jpg'),
(357, 357, 'Wahyu Hardiansyah', 'Dignissimos nulla sed excepturi. Labore quod aliquid eveniet blanditiis quae dolor.', 'profile_357.jpg'),
(358, 358, 'Dalima Nasyiah', 'Dicta culpa dolorem impedit. Tempore voluptatum ad esse magni.', 'profile_358.jpg'),
(359, 359, 'Prabawa Rajasa', 'Eos hic cumque dicta totam commodi. Architecto laborum repudiandae perspiciatis.', 'profile_359.jpg'),
(360, 360, 'Tari Yuliarti', 'Debitis accusamus id incidunt temporibus. Porro deserunt odit aspernatur perspiciatis.', 'profile_360.jpg'),
(361, 361, 'Mujur Mulyani', 'Autem sed iste voluptatibus fugit eligendi ex. Provident commodi at fuga.', 'profile_361.jpg'),
(362, 362, 'Hadi Pradana', 'Cupiditate laborum ullam quod nam. Soluta dolores suscipit pariatur.\nQuisquam iste libero sit.', 'profile_362.jpg'),
(363, 363, 'Shakila Saputra', 'Amet amet velit eius facilis. Cumque animi consequatur itaque officia.', 'profile_363.jpg'),
(364, 364, 'Pia Prastuti, S.Sos', 'Tempora minus ex molestias doloremque quasi. Amet quaerat culpa adipisci.', 'profile_364.jpg'),
(365, 365, 'Ika Nababan', 'Iusto perferendis eveniet. Suscipit veritatis eius dolorum nihil laboriosam.', 'profile_365.jpg'),
(366, 366, 'Jaiman Saefullah', 'Officiis nisi laborum cumque culpa in. Vel neque magnam a reiciendis.', 'profile_366.jpg'),
(367, 367, 'R. Parman Budiman', 'Saepe fuga ullam ducimus fugit tenetur. Itaque eos aspernatur voluptate explicabo nostrum.', 'profile_367.jpg'),
(368, 368, 'Cut Lidya Purnawati, S.Psi', 'Nisi doloremque sapiente cumque ducimus. Eligendi magnam facere corporis ad dolore dicta.', 'profile_368.jpg'),
(369, 369, 'Titi Nasyidah, S.E.', 'Dolor vero facilis eum. Voluptatum voluptates dignissimos quasi esse molestiae illo.', 'profile_369.jpg'),
(370, 370, 'Kenzie Nasyiah', 'Alias porro nobis dicta.', 'profile_370.jpg'),
(371, 371, 'Hani Rajasa', 'Fuga consectetur molestias enim pariatur.', 'profile_371.jpg'),
(372, 372, 'Najwa Winarno', 'Incidunt incidunt natus. Deleniti perspiciatis odio fugit culpa laboriosam.', 'profile_372.jpg'),
(373, 373, 'R. Nadine Winarno', 'Quia dolorem nobis aut consequatur aliquam est. Aspernatur quae sequi saepe.', 'profile_373.jpg'),
(374, 374, 'drg. Yusuf Saefullah, S.Psi', 'Hic deleniti deserunt blanditiis. Architecto ea voluptas iste excepturi.', 'profile_374.jpg'),
(375, 375, 'Ade Riyanti', 'Nostrum impedit cum perspiciatis reiciendis tempore.', 'profile_375.jpg'),
(376, 376, 'Yono Hutagalung', 'Adipisci temporibus blanditiis facere. Labore atque odit suscipit autem.', 'profile_376.jpg'),
(377, 377, 'dr. Wirda Mardhiyah, S.I.Kom', 'Harum dicta commodi atque animi doloribus. Assumenda eligendi hic totam.', 'profile_377.jpg'),
(378, 378, 'Jasmin Purnawati', 'Perferendis id aut optio qui dignissimos asperiores. Magnam reiciendis porro accusantium ea.', 'profile_378.jpg'),
(379, 379, 'Cici Waluyo, S.Psi', 'Id laboriosam corrupti.', 'profile_379.jpg'),
(380, 380, 'Amalia Hidayat, M.Pd', 'A hic culpa dolores nihil. Illum quo dolorum fugit molestias consectetur.', 'profile_380.jpg'),
(381, 381, 'drg. Dalima Nasyidah, S.Farm', 'Tempora atque saepe temporibus. Fugiat a quasi quasi quidem.', 'profile_381.jpg'),
(382, 382, 'Ir. Ade Yulianti, M.Pd', 'Placeat eum quis itaque. Quisquam aliquid commodi libero quia debitis.', 'profile_382.jpg'),
(383, 383, 'Lasmono Kurniawan', 'Cum vitae quaerat facilis. Deserunt esse consequatur molestias.', 'profile_383.jpg'),
(384, 384, 'Sabrina Prakasa', 'Consequuntur placeat qui autem occaecati. Facilis delectus illo dolorum blanditiis.', 'profile_384.jpg'),
(385, 385, 'Jamalia Budiman', 'Dicta laborum officia illo. Ratione vitae ullam odio ut. Quam esse harum quia voluptate accusamus.', 'profile_385.jpg'),
(386, 386, 'Ganda Siregar', 'Soluta mollitia porro illo. Est tempore necessitatibus.\nDolorum provident rem illum tenetur.', 'profile_386.jpg'),
(387, 387, 'Johan Samosir', 'Eos soluta voluptates sapiente doloremque. Maiores reprehenderit rerum doloremque illum quos.', 'profile_387.jpg'),
(388, 388, 'Amelia Yuniar', 'Explicabo expedita harum. Aliquam saepe alias quasi. Consequatur totam qui nobis aperiam.', 'profile_388.jpg'),
(389, 389, 'Gading Hassanah', 'Blanditiis asperiores harum cum quia. Vero debitis architecto aperiam amet quae saepe.', 'profile_389.jpg'),
(390, 390, 'Usyi Utami', 'Earum a dicta aliquid pariatur at inventore.', 'profile_390.jpg'),
(391, 391, 'Timbul Saragih', 'Molestiae iure non doloribus optio accusantium. Maxime fugit at provident dolores reiciendis magni.', 'profile_391.jpg'),
(392, 392, 'Tgk. Hana Farida', 'Voluptates iure dolore qui ab. Exercitationem excepturi cum.', 'profile_392.jpg'),
(393, 393, 'R.M. Najam Napitupulu', 'Adipisci enim dicta. Distinctio occaecati asperiores.', 'profile_393.jpg'),
(394, 394, 'Bagas Ramadan', 'Quaerat delectus iusto vel non.', 'profile_394.jpg'),
(395, 395, 'Ganep Haryanti', 'Repellendus quas repudiandae eos sapiente dicta. Ad nihil eius.', 'profile_395.jpg'),
(396, 396, 'Putri Widodo', 'Debitis consequuntur alias natus nesciunt blanditiis. Accusantium cum numquam fugiat deserunt.', 'profile_396.jpg');
INSERT INTO `profiles` (`profile_id`, `user_id`, `full_name`, `bio`, `profile_picture`) VALUES
(397, 397, 'Drs. Maya Iswahyudi, M.Ak', 'Aperiam aperiam nostrum nisi tenetur fugit. Mollitia odit enim excepturi quidem enim recusandae.', 'profile_397.jpg'),
(398, 398, 'Vero Hutasoit', 'Placeat accusantium repudiandae fuga. Animi neque modi laboriosam nisi facere.', 'profile_398.jpg'),
(399, 399, 'KH. Jail Hidayanto, M.Pd', 'Laudantium dolorum unde cum dicta architecto aut. Quos debitis perspiciatis ea ullam.', 'profile_399.jpg'),
(400, 400, 'Luwes Hasanah', 'Repellat facere eius optio rerum fugit. Deserunt assumenda reprehenderit sequi officia.', 'profile_400.jpg'),
(401, 401, 'Sutan Kamidin Marpaung, S.IP', 'Molestias rem doloremque. Nam dicta perspiciatis mollitia enim. Impedit a quidem velit impedit.', 'profile_401.jpg'),
(402, 402, 'Nasab Prasetya', 'Odio accusamus fugiat omnis minima maxime.', 'profile_402.jpg'),
(403, 403, 'Bakda Safitri', 'Laboriosam minus ratione error cupiditate. Excepturi molestias harum consequatur aliquid quas.', 'profile_403.jpg'),
(404, 404, 'Cici Kusmawati', 'Enim placeat possimus quia qui rerum. Quia ea alias nam.\nEveniet sint est. Sed ratione odio.', 'profile_404.jpg'),
(405, 405, 'Maman Hidayat', 'Quae magni nihil. Tempore consectetur neque ducimus amet suscipit ea facilis.', 'profile_405.jpg'),
(406, 406, 'Sabrina Safitri, S.E.', 'Dolorem esse deleniti. Nihil aliquam id maiores cupiditate.', 'profile_406.jpg'),
(407, 407, 'Umi Utami', 'Voluptates perspiciatis libero dolor commodi consectetur. Soluta sit ullam.', 'profile_407.jpg'),
(408, 408, 'R. Kamaria Lailasari', 'Fuga magnam voluptatibus perspiciatis. Veritatis veniam omnis porro odio saepe.', 'profile_408.jpg'),
(409, 409, 'dr. Jayadi Saefullah', 'Rem impedit occaecati enim repellendus. Quisquam exercitationem voluptas aut.', 'profile_409.jpg'),
(410, 410, 'Tirta Yuliarti', 'Placeat vel cupiditate commodi nesciunt facilis. Quasi labore perferendis.', 'profile_410.jpg'),
(411, 411, 'Ir. Silvia Lestari, S.Kom', 'Dolore quia eum atque laudantium. Quae atque illum officia explicabo voluptas.', 'profile_411.jpg'),
(412, 412, 'Rahayu Gunarto', 'Et facilis atque sapiente harum. Cum nobis laborum maxime. Tempore earum aspernatur est.', 'profile_412.jpg'),
(413, 413, 'R. Najwa Laksita', 'Voluptatem totam tempora eveniet. Numquam nihil eaque aliquam accusantium magnam nobis.', 'profile_413.jpg'),
(414, 414, 'Ratna Anggraini', 'Doloremque dolores error modi. Cumque error dolorum nulla consequuntur.', 'profile_414.jpg'),
(415, 415, 'Hartana Permata', 'Nulla labore facere exercitationem laudantium ad.', 'profile_415.jpg'),
(416, 416, 'Putri Wijaya', 'Veniam enim excepturi possimus soluta. Nisi libero hic libero ipsam. Minus sint alias asperiores.', 'profile_416.jpg'),
(417, 417, 'H. Galak Hakim', 'Magnam veritatis dolores in necessitatibus. Nesciunt voluptatum at dolorum omnis nesciunt a.', 'profile_417.jpg'),
(418, 418, 'R. Widya Dongoran, M.M.', 'Perferendis rerum aut assumenda temporibus. Deleniti eos totam veniam illum amet.', 'profile_418.jpg'),
(419, 419, 'Ir. Vivi Pratama', 'Accusamus aspernatur quos doloremque cupiditate maxime deserunt. Officiis a quibusdam natus.', 'profile_419.jpg'),
(420, 420, 'Kusuma Kurniawan', 'Quod ipsum facilis nisi quo. Odit explicabo nesciunt maiores.', 'profile_420.jpg'),
(421, 421, 'drg. Ida Yuniar', 'Harum possimus voluptatum at. Asperiores autem maxime excepturi.', 'profile_421.jpg'),
(422, 422, 'Drajat Mardhiyah', 'Quidem ratione dignissimos hic quam dignissimos debitis. Possimus explicabo ab.', 'profile_422.jpg'),
(423, 423, 'Rosman Kusumo', 'Saepe voluptatibus et sapiente minima ipsam.', 'profile_423.jpg'),
(424, 424, 'Rika Sihombing, M.TI.', 'Dolore hic officiis tempora doloremque voluptatibus. Voluptatem laborum labore eos.', 'profile_424.jpg'),
(425, 425, 'R.A. Nabila Kusumo', 'Odio laborum voluptatum exercitationem numquam. Dicta soluta autem iure.', 'profile_425.jpg'),
(426, 426, 'Cut Yunita Puspasari, S.IP', 'Dolore voluptate doloribus maxime incidunt commodi blanditiis. Repellat aut sit vitae maiores.', 'profile_426.jpg'),
(427, 427, 'Harjasa Maheswara', 'Ex quasi esse ut. Nam eligendi sunt iste neque. Perspiciatis id dolorem repudiandae nobis.', 'profile_427.jpg'),
(428, 428, 'Xanana Nurdiyanti', 'Id maiores voluptates provident esse soluta fuga eius.', 'profile_428.jpg'),
(429, 429, 'Dalima Narpati', 'Minus numquam commodi quos assumenda sint. Iusto tempore libero ut maxime placeat.', 'profile_429.jpg'),
(430, 430, 'Damar Saragih', 'Mollitia ex ex numquam. Voluptate quo soluta odit impedit eveniet. Eaque vitae eum fugiat quam.', 'profile_430.jpg'),
(431, 431, 'Luwes Hidayanto', 'Fugiat iste enim suscipit. Ducimus aspernatur odio velit corrupti odio.', 'profile_431.jpg'),
(432, 432, 'Tgk. Cici Kuswandari, M.Kom.', 'Nesciunt aut quasi ducimus esse. Laudantium ex nulla eos.', 'profile_432.jpg'),
(433, 433, 'Citra Mandasari', 'Magnam eveniet quasi.\nDebitis dicta ipsa ipsa reiciendis. Est sapiente veritatis quis animi.', 'profile_433.jpg'),
(434, 434, 'Prima Namaga', 'Repellendus odit natus quod vel nisi facere. Ipsum esse molestias asperiores modi impedit.', 'profile_434.jpg'),
(435, 435, 'Ophelia Marpaung', 'Magni incidunt cum vel commodi laudantium doloribus. Assumenda fugit earum ut facere.', 'profile_435.jpg'),
(436, 436, 'Karja Nasyiah', 'Illum alias unde quae. Accusantium omnis quo voluptatem enim.', 'profile_436.jpg'),
(437, 437, 'Dasa Jailani', 'Assumenda quo odit dolorem. Modi molestiae eum doloremque vel veniam sint voluptatum.', 'profile_437.jpg'),
(438, 438, 'Febi Haryanto', 'Ducimus quae sequi totam corrupti. Explicabo ea dolorem eum quidem. Error nihil hic hic animi vero.', 'profile_438.jpg'),
(439, 439, 'Jaswadi Sirait, M.Kom.', 'Quam illum expedita iure. Tempora dolore ipsa at fugit. Eaque beatae quos sequi autem quos.', 'profile_439.jpg'),
(440, 440, 'Ani Tampubolon, S.Ked', 'Commodi unde consequatur delectus soluta atque. Minus odio molestiae. Eius asperiores in.', 'profile_440.jpg'),
(441, 441, 'KH. Mulyanto Hutagalung, S.Ked', 'Magnam necessitatibus eaque saepe amet nam. Nam dolores a nisi officiis dicta ullam.', 'profile_441.jpg'),
(442, 442, 'Hamima Marpaung', 'Doloremque tempore earum molestias eum. Eligendi commodi quos rem dolor reprehenderit debitis.', 'profile_442.jpg'),
(443, 443, 'Salman Prasasta', 'Reiciendis occaecati asperiores quo odit expedita placeat. Ab assumenda optio.', 'profile_443.jpg'),
(444, 444, 'Tugiman Wacana', 'Id illum magni similique occaecati hic. Iure fugit id.', 'profile_444.jpg'),
(445, 445, 'Cahya Anggriawan', 'Laudantium nemo quae esse quam dicta. Enim laudantium in maxime aut vero rem id.', 'profile_445.jpg'),
(446, 446, 'H. Prayoga Samosir', 'Ducimus eum dolor odit nihil. Consequuntur exercitationem reiciendis facilis.', 'profile_446.jpg'),
(447, 447, 'Luwar Rahayu', 'Aperiam sapiente labore omnis odit. Harum atque rerum illum et.', 'profile_447.jpg'),
(448, 448, 'Bakianto Gunawan', 'Sequi placeat mollitia minus magni vel magni. Minus error delectus veritatis veniam.', 'profile_448.jpg'),
(449, 449, 'Kawaya Sinaga', 'Temporibus hic distinctio sed dolorum. Quos explicabo deserunt dolorum velit.', 'profile_449.jpg'),
(450, 450, 'Ana Maryadi', 'Numquam voluptas et dolore. Perspiciatis cumque maiores.', 'profile_450.jpg'),
(451, 451, 'Lala Suryono, S.Gz', 'Fuga consequatur ratione dolor nam illo. Quia ipsum ab.', 'profile_451.jpg'),
(452, 452, 'Laila Anggriawan', 'Odit dolorem ab vitae.', 'profile_452.jpg'),
(453, 453, 'Karta Pratama, S.Psi', 'Labore earum non voluptates. Saepe atque provident id dicta ipsam.', 'profile_453.jpg'),
(455, 455, 'Kenari Nasyidah', 'Assumenda eos voluptatum ex animi officia est. Repudiandae ducimus quisquam iusto omnis.', 'profile_455.jpg'),
(456, 456, 'Halima Budiman', 'Iste repellendus blanditiis consequatur quisquam. Quia amet consequuntur reprehenderit.', 'profile_456.jpg'),
(457, 457, 'Cahya Suwarno', 'Perspiciatis maiores itaque optio in delectus. Soluta voluptatum eum sit dolore illum est.', 'profile_457.jpg'),
(458, 458, 'Febi Haryanto', 'Minima cupiditate velit doloribus dolor. Maiores nemo aperiam magni repellendus.', 'profile_458.jpg'),
(459, 459, 'Rahayu Puspasari', 'Sequi aliquam quae facilis. Officia numquam porro veritatis fuga officiis consequuntur.', 'profile_459.jpg'),
(460, 460, 'Aswani Setiawan, S.T.', 'Occaecati accusamus odit odio beatae laudantium doloremque. Rerum repudiandae sequi sapiente rem.', 'profile_460.jpg'),
(461, 461, 'Dr. Jasmin Prakasa, S.Pt', 'Odit nam voluptas quidem reiciendis nulla neque.', 'profile_461.jpg'),
(462, 462, 'Titi Prasasta', 'Ab dicta dolorem rerum amet dolores. Odit iste a quis esse.', 'profile_462.jpg'),
(463, 463, 'KH. Legawa Prasetya, S.Sos', 'Eligendi nihil nulla voluptatem nemo quas in. Et tempora ex itaque. Laborum harum rerum suscipit.', 'profile_463.jpg'),
(464, 464, 'Dariati Nuraini', 'Omnis quod similique eaque animi. Iure quo hic velit perferendis numquam incidunt autem.', 'profile_464.jpg'),
(465, 465, 'drg. Uli Waskita', 'Tenetur quas culpa adipisci aperiam. Accusantium fuga recusandae distinctio et.', 'profile_465.jpg'),
(466, 466, 'Hj. Irma Sudiati', 'Odit magni accusantium rerum sint. Incidunt ab tenetur explicabo quisquam veritatis facere.', 'profile_466.jpg'),
(467, 467, 'Faizah Saragih', 'Eligendi totam sed. Totam eligendi occaecati culpa.', 'profile_467.jpg'),
(468, 468, 'Darmanto Salahudin', 'Quidem sed vel sit ullam id. Voluptatum fuga quam a nam. Incidunt alias cupiditate.', 'profile_468.jpg'),
(469, 469, 'Cengkal Hasanah', 'Ipsa architecto quod minima quam accusantium tempora. Assumenda id eum consequuntur.', 'profile_469.jpg'),
(470, 470, 'Anita Suartini', 'Fugiat ullam quibusdam iure nesciunt quo dignissimos. Magni explicabo voluptas quos delectus dolor.', 'profile_470.jpg'),
(471, 471, 'Ilsa Wastuti, M.Farm', 'Est quasi quasi iste rem impedit soluta ducimus. Cupiditate consequatur tempora cum.', 'profile_471.jpg'),
(472, 472, 'Siska Nuraini', 'Maxime sed repellendus inventore explicabo ratione earum esse. Debitis rem quod optio totam.', 'profile_472.jpg'),
(473, 473, 'Eka Situmorang', 'Ratione exercitationem similique. Quidem nam necessitatibus illo. Qui distinctio voluptatum et.', 'profile_473.jpg'),
(474, 474, 'Oni Nurdiyanti', 'Eos corporis excepturi mollitia. Reprehenderit beatae mollitia assumenda eaque consectetur facilis.', 'profile_474.jpg'),
(475, 475, 'Slamet Damanik', 'Animi delectus asperiores eaque nemo quis laborum magnam. Exercitationem ducimus qui.', 'profile_475.jpg'),
(476, 476, 'Jais Lazuardi', 'Ipsa et tenetur consequatur velit accusamus. Voluptate labore tenetur quisquam eveniet minima.', 'profile_476.jpg'),
(477, 477, 'drg. Bakda Sitorus, S.Ked', 'Ea modi ab officia sit ab. Doloribus voluptatum placeat velit.', 'profile_477.jpg'),
(478, 478, 'Dt. Karja Najmudin, M.TI.', 'Et sunt id consectetur eligendi quisquam vitae. Placeat soluta placeat sapiente.', 'profile_478.jpg'),
(479, 479, 'Ana Usamah', 'Reiciendis nemo cumque maiores. Officiis repellendus vel ad voluptatem quasi magni.', 'profile_479.jpg'),
(480, 480, 'Arta Hutapea', 'A rerum voluptatibus quia quaerat. Et culpa dolores architecto.', 'profile_480.jpg'),
(481, 481, 'Ivan Usada', 'Voluptatem adipisci nobis officiis.', 'profile_481.jpg'),
(482, 482, 'Daryani Namaga', 'Aut facilis saepe itaque aut magnam. Molestiae reiciendis ipsam unde. Veritatis corporis quia in.', 'profile_482.jpg'),
(483, 483, 'Damar Setiawan', 'Blanditiis temporibus dignissimos nam ratione blanditiis vero.', 'profile_483.jpg'),
(484, 484, 'Dr. Luthfi Ramadan', 'Hic repellendus ipsum. Culpa illum ea beatae.', 'profile_484.jpg'),
(485, 485, 'Wirda Napitupulu', 'Modi delectus quisquam beatae. Nam porro modi expedita veritatis reiciendis molestias.', 'profile_485.jpg'),
(486, 486, 'dr. Mila Siregar, S.T.', 'Cum eos facilis. Mollitia voluptatibus placeat ab laudantium.', 'profile_486.jpg'),
(487, 487, 'Ghani Hutagalung', 'Qui dolorum soluta corrupti ratione voluptatem. Nulla incidunt soluta nobis. Error modi nemo aut.', 'profile_487.jpg'),
(488, 488, 'Wirda Budiman', 'Libero itaque incidunt corrupti assumenda quaerat. Commodi delectus quasi accusamus cum nobis.', 'profile_488.jpg'),
(489, 489, 'Paulin Najmudin', 'Enim laudantium repellendus placeat eum autem. Corrupti ullam qui sunt.', 'profile_489.jpg'),
(490, 490, 'Cut Gawati Budiyanto', 'Mollitia voluptate eos cumque. Deserunt nemo quod quo facere ducimus quibusdam.', 'profile_490.jpg'),
(491, 491, 'Paris Ramadan', 'Sunt cum quaerat dolorum quod cumque. Dolore placeat molestias quos veritatis enim officiis.', 'profile_491.jpg'),
(492, 492, 'Dr. Tami Winarsih, S.T.', 'Rerum voluptates praesentium nisi. Accusamus error quam aliquam vel inventore.', 'profile_492.jpg'),
(493, 493, 'Harja Megantara, S.Pd', 'Molestiae aliquam odio ducimus fugit. Delectus aperiam suscipit. Numquam et esse ratione.', 'profile_493.jpg'),
(494, 494, 'Latif Nababan', 'Odio architecto quibusdam in nam nulla. Blanditiis cumque eveniet et.', 'profile_494.jpg'),
(495, 495, 'drg. Jaiman Tamba, S.H.', 'Non maiores veritatis debitis dolor quia explicabo provident.', 'profile_495.jpg'),
(496, 496, 'R. Ami Yuliarti, S.Psi', 'Unde sit nihil molestias quos. Culpa debitis nemo doloremque. Ratione nesciunt voluptas doloribus.', 'profile_496.jpg'),
(497, 497, 'Padma Napitupulu', 'Numquam nulla doloribus vel. Nisi aspernatur eius recusandae vel.', 'profile_497.jpg'),
(498, 498, 'Drs. Banara Natsir, M.Ak', 'Accusamus molestias tempora necessitatibus.', 'profile_498.jpg'),
(499, 499, 'Kenes Hariyah', 'Dignissimos exercitationem libero natus distinctio impedit aliquam.', 'profile_499.jpg'),
(500, 500, 'Raisa Prakasa, M.TI.', 'Laboriosam ea minus. Voluptatibus reiciendis reprehenderit sapiente voluptatibus impedit.', 'profile_500.jpg'),
(501, 501, 'Laras Nainggolan', 'A deserunt vel voluptas quas sunt natus. Quas corporis vel molestias quis vel minima reprehenderit.', 'profile_501.jpg'),
(502, 502, 'Kemba Pratiwi', 'Nemo reprehenderit facere delectus. Nulla aliquid earum. Nihil ut dolores culpa dolores.', 'profile_502.jpg'),
(503, 503, 'Maryanto Fujiati', 'Dolores aspernatur repellendus iure earum.', 'profile_503.jpg'),
(504, 504, 'Dt. Rafi Setiawan', 'Iure soluta optio. Earum deleniti quasi at corrupti.', 'profile_504.jpg'),
(505, 505, 'Drs. Bahuraksa Maryati, M.M.', 'Pariatur minima laudantium. Placeat quis quasi.', 'profile_505.jpg'),
(506, 506, 'R.M. Kardi Winarno', 'Quis explicabo neque dolor. Iusto ab consequatur.', 'profile_506.jpg'),
(507, 507, 'Fathonah Wibisono', 'Optio enim odio quam. Blanditiis placeat excepturi officiis aliquam nesciunt quisquam et.', 'profile_507.jpg'),
(508, 508, 'Harjo Yuliarti', 'Quia dolores voluptas voluptatum.', 'profile_508.jpg'),
(509, 509, 'Sari Riyanti', 'Sequi dicta quas incidunt. Harum placeat molestiae vero adipisci pariatur.', 'profile_509.jpg'),
(510, 510, 'Jessica Kusumo', 'Laudantium soluta reprehenderit. Quae vel atque repellendus temporibus perferendis.', 'profile_510.jpg'),
(511, 511, 'Bagus Susanti', 'Ducimus labore libero corporis sunt ullam iste non. Rerum cumque aliquid minima fugiat.', 'profile_511.jpg'),
(512, 512, 'Nadia Mansur', 'Odit fugiat ut omnis praesentium harum voluptas. Repellat doloremque atque facere repudiandae.', 'profile_512.jpg'),
(513, 513, 'Garan Rajasa', 'Dolor perferendis voluptates qui atque ratione.', 'profile_513.jpg'),
(514, 514, 'R. Unggul Salahudin', 'A iure vero assumenda ab. Sit numquam accusamus dolorem alias ea et. Dolores voluptatem voluptatem.', 'profile_514.jpg'),
(515, 515, 'Cut Jamalia Megantara, M.Farm', 'Tempore expedita harum. Esse quod dolorum nulla dolore quia.', 'profile_515.jpg'),
(516, 516, 'Winda Fujiati', 'Eveniet quisquam saepe ea sint quos. Accusamus laudantium soluta facilis expedita itaque.', 'profile_516.jpg'),
(517, 517, 'Eva Waskita', 'Nobis officia amet sunt sit quod. Ullam nobis magni quis non.', 'profile_517.jpg'),
(518, 518, 'Sutan Xanana Mansur', 'Dolorum veniam error doloremque nam explicabo doloribus aliquam. Accusamus quae quia qui.', 'profile_518.jpg'),
(519, 519, 'Yuliana Usamah', 'Rem ullam fuga in voluptate id. Cupiditate provident ea molestias voluptate ullam reprehenderit.', 'profile_519.jpg'),
(520, 520, 'Lintang Mardhiyah', 'Odio repellendus temporibus fugit dolore eos blanditiis. Sit molestiae consectetur ad illo.', 'profile_520.jpg'),
(521, 521, 'Tugiman Zulkarnain', 'Velit expedita cum. Iure pariatur optio incidunt hic libero numquam. Voluptates eum sunt ab iusto.', 'profile_521.jpg'),
(522, 522, 'Iriana Hidayat', 'Repellendus inventore sit veritatis.', 'profile_522.jpg'),
(523, 523, 'Cindy Natsir, M.Pd', 'Culpa aperiam veritatis. Iure sapiente quibusdam harum vitae.', 'profile_523.jpg'),
(524, 524, 'Intan Dongoran', 'At minima sint molestias ipsum. Inventore omnis corporis culpa.', 'profile_524.jpg'),
(525, 525, 'Puti Violet Wibisono', 'Esse adipisci labore blanditiis. Corporis tenetur in consequatur vero culpa.', 'profile_525.jpg'),
(526, 526, 'Nadia Ardianto', 'Inventore sunt voluptate. Neque laudantium autem sed mollitia. Illo maxime magnam ullam unde atque.', 'profile_526.jpg'),
(527, 527, 'Drs. Ratna Maheswara, M.M.', 'Voluptate minima rerum illo. Corrupti tempora doloremque maiores totam.', 'profile_527.jpg'),
(528, 528, 'Paris Rajata', 'Iusto recusandae sapiente odit dolorum autem. Esse eaque vero. Corporis excepturi culpa.', 'profile_528.jpg'),
(529, 529, 'Sutan Dipa Halimah', 'Enim repellendus esse voluptatibus quia. Delectus expedita consequuntur aliquam iste.', 'profile_529.jpg'),
(530, 530, 'Ophelia Damanik', 'Eaque modi voluptatum laudantium. Quos alias quasi libero quos eaque ullam.', 'profile_530.jpg'),
(531, 531, 'Citra Oktaviani, M.Farm', 'Ut dolore vel est at temporibus. Illo soluta at ad.', 'profile_531.jpg'),
(532, 532, 'Aurora Hardiansyah, S.Ked', 'Autem esse repellat eaque atque. Repellat est libero. Doloremque eos veniam illum sint.', 'profile_532.jpg'),
(533, 533, 'Capa Firmansyah', 'Reprehenderit quia esse modi optio voluptates fuga. Vel impedit maxime esse.', 'profile_533.jpg'),
(534, 534, 'Dirja Ramadan', 'Perferendis debitis quidem impedit sit officia. Exercitationem non saepe molestiae eius.', 'profile_534.jpg'),
(535, 535, 'Irma Anggraini', 'Laborum ad cupiditate sit facilis facere similique. Voluptas accusantium quae error.', 'profile_535.jpg'),
(536, 536, 'Koko Rahimah, S.Psi', 'Explicabo atque quo reiciendis. Molestias quam qui ratione perferendis eos. Deserunt amet vitae.', 'profile_536.jpg'),
(537, 537, 'Koko Hutagalung', 'Officiis labore distinctio quod aut illo. Eaque aliquam exercitationem fugiat unde eaque.', 'profile_537.jpg'),
(538, 538, 'Puti Eli Mulyani, M.Ak', 'Modi nihil sunt quidem itaque. Doloribus ut voluptatem quod illum.', 'profile_538.jpg'),
(539, 539, 'Sabrina Mulyani', 'Porro incidunt inventore error tenetur veritatis. Quos vitae voluptatibus reprehenderit.', 'profile_539.jpg'),
(540, 540, 'Kemba Santoso, M.Pd', 'Quibusdam est beatae possimus minima maxime. Veniam quo at harum nostrum inventore.', 'profile_540.jpg'),
(541, 541, 'Cut Hasna Gunawan', 'A similique consequuntur consequuntur molestias distinctio enim. Nam dolore magni in incidunt.', 'profile_541.jpg'),
(542, 542, 'Vera Fujiati', 'Iusto modi nesciunt officiis veniam corrupti nesciunt nam. Cupiditate quod sint hic ducimus.', 'profile_542.jpg'),
(543, 543, 'Cinta Mahendra', 'Tempore perferendis iure maxime hic. Quisquam tempora itaque labore aliquid maxime provident illum.', 'profile_543.jpg'),
(544, 544, 'Jelita Siregar', 'Illum hic quasi quae reprehenderit voluptate in. Possimus sed soluta.', 'profile_544.jpg'),
(545, 545, 'Cakrabirawa Suartini, S.Psi', 'Voluptates et dignissimos dolore occaecati laudantium. Dolorum ipsum aliquid sed.', 'profile_545.jpg'),
(546, 546, 'Cinthia Aryani', 'Porro hic itaque quasi id rem incidunt. Quas beatae vero ducimus voluptas odio commodi.', 'profile_546.jpg'),
(547, 547, 'Gasti Megantara', 'Veniam doloribus corrupti nam laboriosam. Tenetur sint vero dolores eaque. Est nemo non.', 'profile_547.jpg'),
(548, 548, 'Cahyadi Mustofa', 'Totam non a neque eaque. Ullam distinctio amet harum dolorem. Placeat sint veniam.', 'profile_548.jpg'),
(549, 549, 'Kacung Pertiwi', 'Officia odit occaecati libero aspernatur. Voluptatibus itaque autem. Similique culpa provident.', 'profile_549.jpg'),
(550, 550, 'Lintang Suryono, M.Farm', 'Ullam sequi a ex laudantium consequatur. Aut voluptatum assumenda vitae ipsam.', 'profile_550.jpg'),
(551, 551, 'Kamidin Hariyah', 'Nam repudiandae consequatur aspernatur.', 'profile_551.jpg'),
(552, 552, 'dr. Dinda Budiman', 'Ullam sint recusandae unde quasi sed. Inventore nihil quia saepe. Illum iusto soluta.', 'profile_552.jpg'),
(553, 553, 'Diah Manullang, M.Kom.', 'Dolorem voluptate ab sapiente ducimus architecto minus dolore. Eaque esse ullam iure recusandae.', 'profile_553.jpg'),
(554, 554, 'Karsana Rahmawati', 'Quos sunt quo magnam ab dolore. Voluptas ad ex iste. Minima nostrum consequatur ipsam laborum.', 'profile_554.jpg'),
(555, 555, 'Banawa Hutasoit', 'Corrupti repudiandae in magnam cumque ratione qui. Esse occaecati tempore. Distinctio quasi earum.', 'profile_555.jpg'),
(556, 556, 'Dodo Setiawan', 'Veniam voluptatum nihil consequatur saepe provident incidunt corporis.', 'profile_556.jpg'),
(557, 557, 'Tgk. Nyana Maheswara, M.Kom.', 'Deserunt magnam cum animi. Ratione sapiente fugit asperiores eaque expedita laboriosam.', 'profile_557.jpg'),
(558, 558, 'Salman Mardhiyah', 'Alias laboriosam sunt molestiae molestias. Quam beatae porro nostrum libero odit necessitatibus.', 'profile_558.jpg'),
(559, 559, 'Galar Saputra', 'Nemo sapiente recusandae. Dignissimos repellat velit assumenda ex recusandae.', 'profile_559.jpg');

-- --------------------------------------------------------

--
-- Table structure for table `reviews`
--

CREATE TABLE `reviews` (
  `review_id` int NOT NULL,
  `material_id` int NOT NULL,
  `buyer_id` int NOT NULL,
  `rating` int DEFAULT NULL,
  `comment` text,
  `review_date` datetime DEFAULT CURRENT_TIMESTAMP
) ENGINE=InnoDB DEFAULT CHARSET=utf8mb4 COLLATE=utf8mb4_0900_ai_ci;

--
-- Dumping data for table `reviews`
--

INSERT INTO `reviews` (`review_id`, `material_id`, `buyer_id`, `rating`, `comment`, `review_date`) VALUES
(3, 11, 524, 4, 'Quidem velit recusandae nesciunt praesentium enim ullam.', '2025-03-07 09:29:59'),
(8, 23, 542, 3, 'Incidunt perspiciatis autem distinctio magnam occaecati ipsam corporis voluptatem dolorem harum.', '2025-02-15 12:22:53'),
(14, 14, 631, 1, 'Vitae sit provident sunt esse maxime vel veniam sequi praesentium assumenda repellendus veritatis.', '2025-02-07 00:50:45'),
(17, 29, 580, 3, 'Repellat vitae exercitationem officia praesentium animi a labore.', '2025-02-18 18:25:12'),
(22, 46, 574, 2, 'Exercitationem possimus maiores dolore asperiores dolorem dicta velit fuga.', '2025-01-22 22:44:04'),
(27, 133, 537, 1, 'Assumenda dolor cum magnam consequatur minus ducimus dolor quia.', '2025-02-06 03:20:51'),
(32, 31, 594, 5, 'Vitae veniam corporis velit recusandae quibusdam sapiente eum porro ullam hic sed.', '2025-02-25 13:34:55'),
(34, 95, 432, 2, 'Deserunt autem soluta voluptatum impedit saepe consectetur reprehenderit magnam consequatur ratione temporibus esse inventore libero et.', '2025-02-28 10:58:12'),
(42, 40, 614, 4, 'Nisi pariatur voluptatibus voluptate rerum voluptatum saepe cupiditate assumenda voluptas.', '2025-01-17 11:26:20'),
(54, 17, 499, 2, 'Vel qui nihil labore dignissimos fugit cumque doloremque quas dignissimos ex.', '2025-01-26 19:02:55'),
(55, 77, 541, 2, 'Cumque perspiciatis incidunt voluptates minima rerum veniam.', '2025-01-12 15:58:00'),
(59, 51, 515, 2, 'Recusandae iusto dolores laborum ea enim maiores veniam ipsum pariatur magnam dolor.', '2025-01-27 14:13:51'),
(60, 32, 522, 3, 'Dignissimos veritatis minus enim architecto eveniet aspernatur recusandae cupiditate.', '2025-02-13 01:28:10'),
(61, 14, 440, 1, 'Architecto dolore omnis ratione molestias recusandae repudiandae mollitia ducimus.', '2025-01-21 05:08:08'),
(62, 115, 545, 2, 'Odio perferendis eum sit at rem alias doloribus placeat unde eos recusandae.', '2025-01-26 10:55:16'),
(64, 106, 506, 1, 'Vero temporibus minus inventore explicabo doloremque at veniam placeat voluptatibus ipsum officia impedit.', '2025-02-24 12:00:23'),
(79, 115, 470, 1, 'Alias debitis consequatur eos reiciendis tempora nobis suscipit placeat cupiditate.', '2025-02-05 06:58:43'),
(81, 121, 622, 3, 'Laboriosam sunt laborum minus velit perspiciatis adipisci pariatur ea recusandae accusamus esse labore occaecati.', '2025-01-18 22:54:43'),
(85, 127, 444, 3, 'Fuga labore veniam doloribus nihil debitis vero quis nisi perferendis magnam maiores voluptates.', '2025-02-26 20:32:11'),
(93, 44, 405, 3, 'Excepturi enim amet nam illum expedita vel quia tenetur ipsa.', '2025-02-01 03:47:39'),
(94, 131, 593, 5, 'Similique quos voluptatum alias qui dolores unde voluptatibus doloremque quam beatae.', '2025-03-06 18:38:31'),
(100, 43, 430, 1, 'Aut dolorem at quae reprehenderit veritatis sint dolores quod nihil.', '2025-02-01 14:29:36'),
(102, 125, 561, 5, 'Eos delectus odit temporibus eveniet quasi est ut at facere.', '2025-03-04 16:57:13'),
(103, 83, 453, 2, 'Ullam rem beatae laboriosam tempore atque cupiditate iure odio aperiam ut repellat repudiandae vitae atque.', '2025-01-14 20:57:30'),
(108, 135, 439, 1, 'Ducimus fugit exercitationem voluptatibus ex sunt impedit impedit.', '2025-01-06 20:57:52'),
(109, 100, 415, 5, 'Quisquam voluptatem vel accusamus odit libero doloribus nam consectetur.', '2025-02-11 15:09:35'),
(111, 17, 404, 1, 'Tempora odit dicta nihil odit eos ducimus eos dicta perferendis soluta.', '2025-01-05 21:08:15'),
(119, 57, 562, 3, 'Repudiandae at non nesciunt qui totam nulla perspiciatis officiis necessitatibus perspiciatis iste odio optio corrupti pariatur.', '2025-01-22 12:41:42'),
(131, 110, 520, 1, 'Modi excepturi fuga illo explicabo quis modi animi inventore provident.', '2025-02-16 03:12:25'),
(134, 40, 406, 2, 'Eveniet blanditiis iure soluta modi consequatur nulla ratione eveniet sit beatae non.', '2025-02-13 16:25:00'),
(137, 3, 445, 2, 'Ipsa earum alias eum impedit sequi consequuntur quam quas asperiores ullam in a.', '2025-02-20 15:55:13'),
(138, 126, 628, 3, 'Blanditiis accusamus illo consequuntur fugit delectus aspernatur omnis tempora ex.', '2025-01-01 12:52:18'),
(145, 47, 422, 2, 'Facilis ducimus architecto qui delectus voluptates accusamus quis ad assumenda vero sint omnis.', '2025-03-04 12:18:46'),
(152, 32, 446, 1, 'Maxime dolorem doloremque magni enim nesciunt suscipit.', '2025-02-06 11:54:39'),
(159, 8, 503, 4, 'Nostrum aliquam in cum eaque quo repudiandae repellat inventore aliquam consequuntur aut eligendi perspiciatis quasi.', '2025-01-06 05:16:25'),
(162, 121, 550, 5, 'Quod quos provident alias eligendi ullam earum voluptates sapiente commodi aspernatur excepturi dolorum optio.', '2025-02-07 19:46:13'),
(163, 61, 472, 4, 'Quam molestiae delectus rem totam voluptas numquam perspiciatis consectetur aperiam consequatur rem voluptas vel.', '2025-02-09 16:02:52'),
(166, 58, 531, 2, 'Sit voluptatum nisi dolores aperiam voluptatem molestias aliquid maiores aspernatur aliquam vel.', '2025-03-05 05:34:11'),
(170, 115, 432, 1, 'Nihil porro excepturi harum odit aut ut iste officia molestiae iure aperiam assumenda.', '2025-01-31 00:31:54'),
(171, 126, 485, 3, 'Corrupti eligendi enim in itaque nesciunt fugit animi impedit alias quae iusto ex.', '2025-03-11 18:46:31'),
(176, 14, 583, 1, 'Similique magnam dolore occaecati corporis unde quo quaerat voluptatibus aliquid voluptas ducimus.', '2025-02-24 08:21:45'),
(177, 44, 466, 1, 'Error sunt quaerat nesciunt sint et minus repellat vel quam velit veritatis earum earum fugiat nostrum.', '2025-03-06 20:29:59'),
(178, 88, 411, 4, 'Itaque aperiam in eaque saepe consequatur cupiditate asperiores suscipit.', '2025-01-10 00:41:46'),
(182, 9, 434, 3, 'Iusto repellendus velit optio alias doloribus in commodi unde.', '2025-02-27 06:58:52'),
(190, 15, 588, 5, 'Reprehenderit quidem asperiores provident perferendis iusto sed ducimus molestias optio ut nulla est dignissimos.', '2025-02-24 02:03:13'),
(193, 34, 563, 1, 'Sunt voluptatum dolore quia assumenda quibusdam distinctio vitae nisi quis iste impedit.', '2025-03-13 07:55:12'),
(195, 113, 496, 4, 'Laboriosam tempore assumenda aliquid corrupti vitae numquam maiores voluptatem minima nihil officia repellendus minus fugiat.', '2025-01-02 04:08:27'),
(199, 43, 623, 2, 'Laboriosam quos voluptatem aliquid ullam temporibus vel amet libero deleniti quia odit.', '2025-01-31 03:00:10'),
(204, 8, 638, 5, 'Quos provident ut earum veritatis qui enim quis est.', '2025-01-04 19:51:38'),
(205, 50, 575, 5, 'Cumque harum maiores vel vero perferendis architecto rerum voluptatum consequuntur doloremque ea facere.', '2025-01-02 19:22:04'),
(209, 86, 433, 3, 'Natus sint officia possimus maxime at asperiores doloribus sunt unde neque dignissimos dolorem voluptatem dolorum.', '2025-02-16 13:00:16'),
(213, 100, 409, 5, 'Fugit atque aspernatur odio aut doloremque earum voluptas iste vel nisi voluptatem.', '2025-01-10 23:33:16'),
(215, 142, 412, 5, 'Iure distinctio nam in asperiores tempora ad voluptates exercitationem quis animi libero.', '2025-02-25 13:27:44'),
(220, 14, 581, 3, 'Odio nihil vero occaecati aperiam occaecati inventore delectus impedit nihil eum deleniti neque.', '2025-02-05 08:17:13'),
(222, 100, 533, 4, 'Esse minima voluptas voluptate voluptas veniam dicta iure tenetur dolorum tempora fugit itaque incidunt.', '2025-01-30 09:22:46'),
(225, 54, 570, 4, 'Quas quidem eaque accusantium dolore veritatis praesentium accusamus ratione eius.', '2025-02-12 14:55:06'),
(234, 9, 444, 5, 'Quae dolorum repellat iste eos ducimus dolorem facilis explicabo delectus eaque voluptatum hic sunt cum.', '2025-02-13 10:11:24'),
(235, 61, 573, 5, 'Ratione officia repudiandae qui tempore natus eligendi officia assumenda molestiae delectus et sapiente consectetur nesciunt.', '2025-03-13 01:24:44'),
(238, 84, 555, 2, 'Modi maxime officiis id assumenda temporibus facere modi veritatis unde culpa qui.', '2025-01-14 17:35:00'),
(243, 103, 595, 2, 'Quisquam doloremque velit neque minima impedit architecto hic.', '2025-03-01 08:23:10'),
(249, 115, 626, 5, 'Eius blanditiis veritatis quasi enim magni blanditiis laudantium architecto omnis deleniti vero alias.', '2025-01-03 19:15:58');

-- --------------------------------------------------------

--
-- Table structure for table `transactions`
--

CREATE TABLE `transactions` (
  `transaction_id` int NOT NULL,
  `material_id` int NOT NULL,
  `buyer_id` int NOT NULL,
  `seller_id` int NOT NULL,
  `amount` decimal(10,2) NOT NULL,
  `transaction_date` datetime DEFAULT CURRENT_TIMESTAMP,
  `payment_status` enum('PENDING','COMPLETED','FAILED') DEFAULT 'PENDING'
) ENGINE=InnoDB DEFAULT CHARSET=utf8mb4 COLLATE=utf8mb4_0900_ai_ci;

--
-- Dumping data for table `transactions`
--

INSERT INTO `transactions` (`transaction_id`, `material_id`, `buyer_id`, `seller_id`, `amount`, `transaction_date`, `payment_status`) VALUES
(1, 125, 503, 63, '119360.20', '2025-02-09 13:55:46', 'PENDING'),
(3, 134, 461, 210, '178600.25', '2025-01-13 18:33:46', 'COMPLETED'),
(5, 102, 482, 287, '118240.02', '2025-02-20 08:18:04', 'FAILED'),
(8, 77, 537, 105, '114939.30', '2025-02-13 23:34:12', 'PENDING'),
(9, 55, 442, 21, '184792.12', '2025-02-01 12:33:00', 'FAILED'),
(19, 17, 516, 314, '32170.82', '2025-02-08 00:01:29', 'COMPLETED'),
(20, 50, 634, 217, '45583.58', '2025-03-09 22:12:43', 'PENDING'),
(21, 19, 526, 353, '170470.05', '2025-02-28 13:32:56', 'COMPLETED'),
(23, 70, 518, 254, '152444.19', '2025-02-02 03:51:12', 'COMPLETED'),
(24, 13, 607, 294, '21349.42', '2025-01-24 09:18:18', 'FAILED'),
(26, 16, 517, 146, '124957.54', '2025-02-13 14:49:05', 'FAILED'),
(35, 75, 411, 231, '198606.24', '2025-02-17 09:57:18', 'PENDING'),
(44, 16, 509, 146, '124957.54', '2025-01-09 17:50:03', 'FAILED'),
(51, 52, 410, 385, '58325.62', '2025-02-04 23:45:07', 'COMPLETED'),
(53, 1, 621, 37, '100267.43', '2025-02-28 15:43:56', 'COMPLETED'),
(56, 34, 427, 349, '154272.42', '2025-02-17 13:53:09', 'FAILED'),
(57, 133, 452, 219, '27654.93', '2025-02-09 13:44:49', 'COMPLETED'),
(60, 106, 407, 154, '153151.68', '2025-01-30 13:13:59', 'PENDING'),
(61, 14, 545, 196, '75113.48', '2025-01-24 18:45:51', 'PENDING'),
(74, 28, 624, 367, '153996.19', '2025-01-03 18:14:48', 'PENDING'),
(88, 110, 416, 372, '84468.25', '2025-02-28 03:05:03', 'COMPLETED'),
(90, 124, 455, 58, '34380.46', '2025-03-07 11:32:22', 'FAILED'),
(91, 91, 543, 44, '72440.16', '2025-02-26 00:24:09', 'COMPLETED'),
(98, 40, 462, 123, '18882.93', '2025-02-20 10:48:08', 'COMPLETED'),
(109, 58, 460, 114, '172624.45', '2025-02-04 07:14:45', 'PENDING'),
(112, 42, 407, 1, '54340.31', '2025-02-02 00:22:23', 'PENDING'),
(113, 17, 627, 314, '32170.82', '2025-01-22 06:26:31', 'COMPLETED'),
(121, 1, 610, 37, '100267.43', '2025-03-04 02:45:44', 'COMPLETED'),
(122, 55, 491, 21, '184792.12', '2025-02-05 16:34:13', 'COMPLETED'),
(125, 121, 575, 171, '104702.77', '2025-02-09 15:42:09', 'FAILED'),
(132, 70, 618, 254, '152444.19', '2025-01-04 18:40:35', 'PENDING'),
(134, 6, 465, 253, '73914.82', '2025-01-25 07:08:10', 'PENDING'),
(137, 32, 612, 267, '178216.72', '2025-02-19 22:11:21', 'FAILED'),
(149, 124, 607, 58, '34380.46', '2025-02-22 04:59:31', 'COMPLETED'),
(157, 109, 492, 68, '175971.62', '2025-01-08 15:22:08', 'PENDING'),
(191, 19, 555, 353, '170470.05', '2025-01-05 12:37:09', 'PENDING'),
(192, 1, 597, 37, '100267.43', '2025-02-08 09:05:16', 'FAILED'),
(193, 56, 407, 286, '99008.06', '2025-02-04 15:34:47', 'PENDING'),
(202, 44, 475, 113, '193821.83', '2025-02-19 00:14:53', 'FAILED'),
(205, 52, 608, 385, '58325.62', '2025-01-19 04:35:57', 'COMPLETED'),
(206, 66, 474, 34, '135468.80', '2025-03-01 13:03:28', 'FAILED'),
(208, 103, 565, 289, '110898.66', '2025-02-27 16:52:43', 'COMPLETED'),
(211, 14, 596, 196, '75113.48', '2025-02-22 07:59:14', 'FAILED'),
(212, 3, 579, 242, '43408.87', '2025-03-06 21:06:54', 'COMPLETED'),
(215, 72, 544, 2, '56633.42', '2025-01-15 00:28:31', 'FAILED'),
(229, 125, 615, 63, '119360.20', '2025-03-06 06:41:59', 'COMPLETED'),
(238, 23, 465, 349, '164044.12', '2025-02-03 20:25:21', 'COMPLETED'),
(241, 142, 558, 62, '129763.33', '2025-01-27 06:07:26', 'COMPLETED'),
(243, 50, 599, 217, '45583.58', '2025-02-11 07:20:25', 'FAILED'),
(250, 11, 487, 392, '50567.29', '2025-01-19 10:52:13', 'FAILED'),
(260, 19, 514, 353, '170470.05', '2025-02-18 15:00:00', 'PENDING'),
(264, 117, 425, 91, '43468.76', '2025-02-13 07:41:15', 'PENDING'),
(265, 23, 524, 349, '164044.12', '2025-01-08 19:16:47', 'COMPLETED'),
(266, 90, 531, 42, '126167.76', '2025-02-03 00:59:51', 'COMPLETED'),
(268, 29, 566, 88, '197952.69', '2025-02-19 05:46:41', 'FAILED'),
(270, 57, 602, 397, '130264.14', '2025-01-20 04:10:18', 'COMPLETED'),
(272, 110, 523, 372, '84468.25', '2025-01-27 16:44:13', 'COMPLETED'),
(280, 15, 583, 129, '191811.06', '2025-02-10 01:06:21', 'COMPLETED'),
(283, 103, 418, 289, '110898.66', '2025-03-06 11:44:21', 'FAILED'),
(285, 78, 562, 398, '84065.39', '2025-03-04 08:33:02', 'FAILED'),
(286, 63, 554, 169, '197709.35', '2025-01-19 07:34:31', 'FAILED'),
(287, 23, 415, 349, '164044.12', '2025-01-07 03:16:18', 'FAILED'),
(290, 105, 547, 264, '45294.47', '2025-03-03 12:26:54', 'COMPLETED'),
(299, 71, 631, 115, '71740.62', '2025-01-17 00:33:48', 'PENDING'),
(304, 14, 424, 196, '75113.48', '2025-01-26 20:27:40', 'PENDING'),
(308, 51, 499, 43, '66889.53', '2025-01-28 21:56:14', 'PENDING'),
(310, 17, 448, 314, '32170.82', '2025-01-25 11:43:42', 'PENDING'),
(312, 11, 537, 392, '50567.29', '2025-01-05 11:24:19', 'COMPLETED'),
(313, 91, 472, 44, '72440.16', '2025-02-02 04:33:31', 'COMPLETED'),
(317, 54, 602, 237, '142277.88', '2025-02-16 10:59:23', 'COMPLETED'),
(318, 90, 488, 42, '126167.76', '2025-02-20 19:04:02', 'PENDING'),
(320, 55, 477, 21, '184792.12', '2025-01-23 15:24:58', 'COMPLETED'),
(321, 115, 534, 304, '30139.09', '2025-01-24 09:06:54', 'PENDING'),
(322, 58, 534, 114, '172624.45', '2025-01-21 15:04:05', 'COMPLETED'),
(323, 86, 448, 288, '56122.72', '2025-01-04 14:39:29', 'PENDING'),
(325, 44, 632, 113, '193821.83', '2025-03-07 02:10:58', 'COMPLETED'),
(326, 18, 462, 310, '20670.11', '2025-02-16 08:13:38', 'COMPLETED'),
(328, 77, 607, 105, '114939.30', '2025-02-25 02:48:01', 'PENDING'),
(329, 124, 459, 58, '34380.46', '2025-02-24 11:45:03', 'PENDING'),
(334, 11, 457, 392, '50567.29', '2025-01-20 09:46:50', 'FAILED'),
(339, 102, 525, 287, '118240.02', '2025-02-11 08:29:13', 'FAILED'),
(341, 131, 502, 104, '120763.17', '2025-01-05 11:06:12', 'FAILED'),
(350, 9, 543, 16, '38477.21', '2025-01-27 05:54:43', 'COMPLETED'),
(360, 98, 614, 33, '125781.61', '2025-01-22 16:59:58', 'PENDING'),
(368, 126, 502, 321, '84249.43', '2025-02-21 05:32:35', 'PENDING'),
(373, 103, 431, 289, '110898.66', '2025-03-13 02:54:01', 'FAILED'),
(376, 28, 465, 367, '153996.19', '2025-02-10 13:46:25', 'FAILED'),
(384, 113, 577, 344, '66603.40', '2025-03-01 11:01:27', 'PENDING'),
(389, 11, 625, 392, '50567.29', '2025-01-29 12:22:02', 'PENDING'),
(396, 66, 544, 34, '135468.80', '2025-01-26 15:23:52', 'COMPLETED'),
(401, 133, 553, 219, '27654.93', '2025-02-01 19:09:40', 'FAILED'),
(405, 87, 415, 288, '57251.78', '2025-01-18 03:32:35', 'FAILED'),
(406, 52, 570, 385, '58325.62', '2025-01-21 20:09:01', 'PENDING'),
(414, 57, 484, 397, '130264.14', '2025-03-06 05:07:14', 'PENDING'),
(415, 115, 549, 304, '30139.09', '2025-01-06 18:52:52', 'FAILED'),
(416, 69, 607, 298, '103853.96', '2025-02-12 04:19:38', 'FAILED'),
(417, 112, 582, 112, '84171.09', '2025-03-07 10:21:12', 'COMPLETED'),
(419, 128, 559, 203, '179376.44', '2025-01-19 11:40:40', 'COMPLETED'),
(420, 58, 448, 114, '172624.45', '2025-02-09 03:22:21', 'COMPLETED'),
(426, 4, 533, 315, '21241.34', '2025-02-12 19:24:33', 'PENDING'),
(427, 44, 530, 113, '193821.83', '2025-01-18 06:59:19', 'FAILED'),
(429, 87, 551, 288, '57251.78', '2025-01-15 22:37:44', 'PENDING'),
(431, 105, 404, 264, '45294.47', '2025-03-06 04:58:24', 'COMPLETED'),
(436, 29, 595, 88, '197952.69', '2025-02-01 09:54:41', 'COMPLETED'),
(438, 5, 421, 120, '161932.83', '2025-01-29 04:36:49', 'COMPLETED'),
(440, 61, 526, 165, '46232.83', '2025-02-03 22:56:18', 'COMPLETED'),
(452, 98, 554, 33, '125781.61', '2025-02-21 22:35:04', 'FAILED'),
(454, 88, 538, 21, '97798.60', '2025-02-10 12:05:18', 'FAILED'),
(459, 52, 451, 385, '58325.62', '2025-01-10 08:32:25', 'PENDING'),
(472, 84, 467, 53, '38455.44', '2025-02-18 18:13:07', 'COMPLETED'),
(475, 115, 599, 304, '30139.09', '2025-02-05 02:00:12', 'COMPLETED'),
(481, 113, 489, 344, '66603.40', '2025-02-27 23:28:38', 'FAILED'),
(483, 8, 411, 1, '152521.02', '2025-02-19 07:58:55', 'PENDING'),
(488, 59, 550, 4, '181908.97', '2025-01-07 17:55:52', 'PENDING'),
(491, 15, 559, 129, '191811.06', '2025-03-11 23:51:55', 'COMPLETED'),
(500, 66, 504, 34, '135468.80', '2025-01-26 22:45:10', 'FAILED'),
(501, 136, 589, 280, '156283.92', '2025-03-09 01:09:10', 'COMPLETED'),
(502, 49, 445, 23, '134313.57', '2025-01-25 06:43:41', 'COMPLETED'),
(505, 87, 496, 288, '57251.78', '2025-01-03 03:56:45', 'FAILED'),
(507, 56, 487, 286, '99008.06', '2025-01-29 15:54:26', 'COMPLETED'),
(510, 61, 571, 165, '46232.83', '2025-02-21 05:35:02', 'FAILED'),
(513, 126, 590, 321, '84249.43', '2025-01-13 08:31:06', 'COMPLETED'),
(517, 54, 547, 237, '142277.88', '2025-03-12 19:46:33', 'FAILED'),
(519, 117, 514, 91, '43468.76', '2025-03-07 22:46:18', 'COMPLETED'),
(522, 77, 554, 105, '114939.30', '2025-01-14 09:34:04', 'PENDING'),
(528, 14, 535, 196, '75113.48', '2025-01-26 12:29:30', 'FAILED'),
(529, 41, 410, 213, '98697.81', '2025-01-13 16:59:54', 'PENDING'),
(541, 33, 528, 372, '119220.72', '2025-03-11 19:10:09', 'PENDING'),
(548, 42, 564, 1, '54340.31', '2025-03-13 03:30:37', 'PENDING'),
(565, 66, 414, 34, '135468.80', '2025-01-16 03:47:31', 'FAILED'),
(567, 28, 426, 367, '153996.19', '2025-01-11 01:13:48', 'FAILED'),
(575, 52, 432, 385, '58325.62', '2025-02-20 08:53:43', 'PENDING'),
(578, 143, 547, 150, '43822.47', '2025-01-19 15:21:20', 'COMPLETED'),
(588, 50, 419, 217, '45583.58', '2025-01-25 03:11:21', 'FAILED'),
(593, 43, 492, 250, '74507.21', '2025-01-25 23:56:51', 'FAILED'),
(596, 109, 611, 68, '175971.62', '2025-01-16 12:57:10', 'PENDING'),
(599, 72, 490, 2, '56633.42', '2025-02-20 07:53:14', 'FAILED'),
(601, 112, 464, 112, '84171.09', '2025-01-29 12:44:15', 'COMPLETED'),
(605, 50, 435, 217, '45583.58', '2025-01-22 12:53:55', 'FAILED'),
(606, 1, 640, 37, '100267.43', '2025-03-15 11:14:17', 'COMPLETED'),
(608, 1, 640, 37, '100267.43', '2025-03-15 11:25:02', 'COMPLETED'),
(609, 1, 640, 37, '100267.43', '2025-03-15 11:37:25', 'COMPLETED'),
(610, 3, 640, 242, '43408.87', '2025-03-15 11:49:35', 'COMPLETED'),
(611, 2, 640, 188, '18436.25', '2025-03-15 11:50:37', 'COMPLETED'),
(612, 1, 640, 37, '100267.43', '2025-03-15 11:51:33', 'COMPLETED'),
(613, 145, 640, 641, '1000.00', '2025-03-15 12:40:33', 'COMPLETED'),
(614, 145, 640, 641, '1000.00', '2025-03-15 12:40:33', 'COMPLETED'),
(615, 145, 640, 641, '1000.00', '2025-03-15 12:40:33', 'COMPLETED'),
(616, 145, 640, 641, '1000.00', '2025-03-15 12:44:24', 'COMPLETED'),
(617, 1, 640, 37, '100267.43', '2025-03-15 13:01:53', 'COMPLETED'),
(618, 2, 640, 188, '18436.25', '2025-03-15 13:01:53', 'COMPLETED'),
(619, 145, 640, 641, '1000.00', '2025-03-15 13:21:30', 'COMPLETED'),
(620, 145, 640, 641, '1000.00', '2025-03-15 13:21:30', 'COMPLETED'),
(621, 145, 640, 641, '1000.00', '2025-03-15 13:21:30', 'COMPLETED'),
(622, 145, 640, 641, '1000.00', '2025-03-15 13:22:16', 'COMPLETED'),
(623, 138, 640, 309, '134751.06', '2025-03-15 22:55:44', 'COMPLETED'),
(624, 1, 640, 37, '100267.43', '2025-03-15 22:55:56', 'COMPLETED'),
(627, 1, 640, 37, '100267.43', '2025-03-15 23:55:04', 'COMPLETED'),
(628, 1, 640, 37, '100267.43', '2025-03-16 00:02:08', 'PENDING'),
(629, 144, 640, 641, '1000.00', '2025-03-16 00:02:16', 'COMPLETED'),
(630, 23, 642, 349, '164044.12', '2025-03-16 00:37:36', 'COMPLETED'),
(631, 117, 642, 91, '43468.76', '2025-03-16 00:37:36', 'COMPLETED'),
(632, 117, 642, 91, '43468.76', '2025-03-16 00:38:10', 'COMPLETED'),
(633, 118, 642, 153, '37286.96', '2025-03-16 00:38:10', 'COMPLETED'),
(634, 144, 640, 641, '1000.00', '2025-03-16 12:29:01', 'COMPLETED'),
(635, 145, 640, 641, '1000.00', '2025-03-16 12:29:01', 'COMPLETED'),
(636, 145, 640, 641, '1000.00', '2025-03-23 22:23:10', 'COMPLETED'),
(637, 145, 640, 641, '1000.00', '2025-03-23 22:55:21', 'COMPLETED'),
(638, 144, 640, 641, '1000.00', '2025-03-23 22:57:31', 'COMPLETED'),
(639, 145, 644, 641, '1000.00', '2025-03-23 23:18:40', 'COMPLETED'),
(640, 144, 644, 641, '1000.00', '2025-03-23 23:30:05', 'COMPLETED'),
(641, 144, 644, 641, '1000.00', '2025-03-23 23:31:08', 'COMPLETED'),
(642, 144, 644, 641, '1000.00', '2025-03-23 23:31:31', 'COMPLETED'),
(643, 23, 640, 349, '164044.12', '2025-03-23 23:37:33', 'COMPLETED'),
(644, 144, 640, 641, '1000.00', '2025-03-23 23:38:43', 'COMPLETED'),
(645, 144, 640, 641, '1000.00', '2025-03-23 23:39:11', 'COMPLETED'),
(646, 145, 640, 641, '1000.00', '2025-03-24 04:23:25', 'COMPLETED'),
(647, 144, 640, 641, '1000.00', '2025-03-24 04:45:42', 'COMPLETED'),
(648, 1, 640, 37, '100267.43', '2025-03-24 04:47:56', 'COMPLETED'),
(649, 145, 640, 641, '1000.00', '2025-03-24 04:48:54', 'COMPLETED'),
(650, 59, 640, 4, '181908.97', '2025-03-24 04:58:50', 'COMPLETED'),
(651, 1, 640, 37, '100267.43', '2025-03-24 04:58:50', 'COMPLETED'),
(652, 144, 640, 641, '1000.00', '2025-03-24 04:58:50', 'COMPLETED'),
(653, 55, 640, 21, '184792.12', '2025-03-24 05:52:07', 'COMPLETED'),
(654, 148, 640, 641, '1000.00', '2025-03-25 06:26:51', 'COMPLETED'),
(655, 149, 640, 645, '10000.00', '2025-03-25 06:26:51', 'COMPLETED'),
(656, 148, 640, 641, '1000.00', '2025-03-25 12:31:33', 'COMPLETED');

-- --------------------------------------------------------

--
-- Table structure for table `users`
--

CREATE TABLE `users` (
  `user_id` int NOT NULL,
  `username` varchar(50) NOT NULL,
  `email` varchar(100) NOT NULL,
  `password` varchar(255) NOT NULL,
  `role` enum('SELLER','BUYER') NOT NULL,
  `is_verified` enum('TRUE','FALSE') NOT NULL,
  `created_at` datetime DEFAULT CURRENT_TIMESTAMP,
  `updated_at` datetime DEFAULT CURRENT_TIMESTAMP ON UPDATE CURRENT_TIMESTAMP
) ENGINE=InnoDB DEFAULT CHARSET=utf8mb4 COLLATE=utf8mb4_0900_ai_ci;

--
-- Dumping data for table `users`
--

INSERT INTO `users` (`user_id`, `username`, `email`, `password`, `role`, `is_verified`, `created_at`, `updated_at`) VALUES
(1, 'murti74', 'bakidinhariyah@example.com', 'Q2@8T*jOuA', 'SELLER', 'FALSE', '2025-01-31 09:26:26', '2025-01-31 09:26:26'),
(2, 'novitasaridono', 'banawi04@example.org', 'L&Z7(Njg)S', 'SELLER', 'FALSE', '2025-01-21 06:32:25', '2025-01-21 06:32:25'),
(3, 'lembahhardiansyah', 'faizah18@example.com', '%6M+#9sD^G', 'SELLER', 'FALSE', '2025-03-08 20:51:53', '2025-03-08 20:51:53'),
(4, 'oktavianisalman', 'rusman13@example.org', '#C4$zNiFAQ', 'SELLER', 'TRUE', '2025-02-26 07:24:17', '2025-02-26 07:24:17'),
(5, 'ahandayani', 'daryani61@example.net', '@%z_2#ZgyW', 'SELLER', 'TRUE', '2025-02-03 19:23:44', '2025-02-03 19:23:44'),
(6, 'narpatikemal', 'novitasarimartaka@example.net', 'fU^3Oz*5Xg', 'SELLER', 'FALSE', '2025-02-26 04:33:27', '2025-02-26 04:33:27'),
(7, 'ppranowo', 'thidayat@example.net', '#i81MufWrb', 'SELLER', 'FALSE', '2025-01-12 05:21:04', '2025-01-12 05:21:04'),
(8, 'hardiansyahluhung', 'xsirait@example.com', 'h7HyyzLx^0', 'SELLER', 'TRUE', '2025-02-06 15:15:46', '2025-02-06 15:15:46'),
(9, 'emegantara', 'mangunsongcahya@example.net', 'lGg8Uzti*q', 'SELLER', 'TRUE', '2025-01-04 14:31:14', '2025-01-04 14:31:14'),
(10, 'diahsetiawan', 'lutfanardianto@example.org', 'C6kaHDux+I', 'SELLER', 'TRUE', '2025-01-05 18:22:31', '2025-01-05 18:22:31'),
(11, 'mardhiyahmaryanto', 'puspasariratna@example.net', 'ozS4YsOK)j', 'SELLER', 'FALSE', '2025-03-08 00:49:40', '2025-03-08 00:49:40'),
(12, 'ilyasmansur', 'mahendrausyi@example.net', '%$K(pi^6H5', 'SELLER', 'FALSE', '2025-02-13 20:26:13', '2025-02-13 20:26:13'),
(13, 'kuswoyoasmianto', 'alambanariyanti@example.com', '@5yNHUVsu8', 'SELLER', 'FALSE', '2025-02-19 00:44:20', '2025-02-19 00:44:20'),
(14, 'zulaikhamegantara', 'nwaskita@example.org', '6Y1rV3a7!5', 'SELLER', 'FALSE', '2025-01-16 15:14:13', '2025-01-16 15:14:13'),
(15, 'dian82', 'dina91@example.com', 'V*61oFk371', 'SELLER', 'FALSE', '2025-02-02 21:28:55', '2025-02-02 21:28:55'),
(16, 'gadingjanuar', 'dimas58@example.com', '(L&9HhLFd!', 'SELLER', 'TRUE', '2025-01-07 12:03:01', '2025-01-07 12:03:01'),
(17, 'rkusumo', 'silvianugroho@example.net', 's_I7+Yic0+', 'SELLER', 'FALSE', '2025-01-31 18:54:27', '2025-01-31 18:54:27'),
(18, 'joko10', 'jumari55@example.com', '(QqlEpJps4', 'SELLER', 'TRUE', '2025-03-09 20:54:08', '2025-03-09 20:54:08'),
(19, 'bakiantohabibi', 'artawanpradana@example.com', '_Fn2TcyfLp', 'SELLER', 'FALSE', '2025-01-14 19:19:40', '2025-01-14 19:19:40'),
(20, 'maidawidodo', 'nyomanwinarno@example.com', 'vI8Uu@T)Y&', 'SELLER', 'FALSE', '2025-03-06 07:32:25', '2025-03-06 07:32:25'),
(21, 'ajengsamosir', 'zulaikajoko@example.org', '@*1JYmXQ4g', 'SELLER', 'FALSE', '2025-01-11 08:26:19', '2025-01-11 08:26:19'),
(22, 'nabilathamrin', 'usirait@example.net', ')g_GiRlow6', 'SELLER', 'TRUE', '2025-03-03 22:59:25', '2025-03-03 22:59:25'),
(23, 'rnasyiah', 'farah25@example.net', '6lR+#j#d_$', 'SELLER', 'TRUE', '2025-02-10 04:18:00', '2025-02-10 04:18:00'),
(24, 'dimashutagalung', 'latuponoika@example.net', 'J%0IQagFn@', 'SELLER', 'TRUE', '2025-02-02 16:58:07', '2025-02-02 16:58:07'),
(25, 'zhalimah', 'palastrimala@example.org', 'x38FWrdc+m', 'SELLER', 'TRUE', '2025-01-02 13:07:08', '2025-01-02 13:07:08'),
(26, 'pradanaupik', 'purwantomayasari@example.net', 'd+Y2GS44mz', 'SELLER', 'TRUE', '2025-02-09 14:22:13', '2025-02-09 14:22:13'),
(27, 'sarahmardhiyah', 'jindrasamosir@example.net', '@UYIIk+yM7', 'SELLER', 'FALSE', '2025-02-25 12:41:03', '2025-02-25 12:41:03'),
(28, 'lpratiwi', 'toktaviani@example.com', 'grElmn+$)5', 'SELLER', 'FALSE', '2025-03-09 06:25:15', '2025-03-09 06:25:15'),
(29, 'radikasudiati', 'rnasyidah@example.com', '(V0qXCayx9', 'SELLER', 'FALSE', '2025-02-17 02:04:48', '2025-02-17 02:04:48'),
(30, 'puspitaasmuni', 'garanprayoga@example.net', 'uLvT!4gvG@', 'SELLER', 'TRUE', '2025-01-24 02:46:36', '2025-01-24 02:46:36'),
(31, 'mamanhartati', 'laksmiwatigarda@example.com', 'k3#5XK)t#g', 'SELLER', 'FALSE', '2025-03-13 04:42:34', '2025-03-13 04:42:34'),
(32, 'irwan50', 'mulya27@example.net', '^2MVKZc4GP', 'SELLER', 'TRUE', '2025-02-19 03:44:43', '2025-02-19 03:44:43'),
(33, 'wnovitasari', 'jayadilaksita@example.net', '+B9!BI#jy^', 'SELLER', 'TRUE', '2025-02-03 21:41:54', '2025-02-03 21:41:54'),
(34, 'saptonoade', 'yolandaivan@example.com', '#i9B%gGNXj', 'SELLER', 'FALSE', '2025-01-12 07:32:04', '2025-01-12 07:32:04'),
(35, 'zulaikairfan', 'xmegantara@example.net', 'VOn3yeWu(2', 'SELLER', 'TRUE', '2025-02-12 16:41:44', '2025-02-12 16:41:44'),
(36, 'lazuardiulva', 'umarpaung@example.com', ')3pqTWgv_u', 'SELLER', 'FALSE', '2025-02-27 07:48:44', '2025-02-27 07:48:44'),
(37, 'shania83', 'rbudiman@example.net', '^^0FyHyf@W', 'SELLER', 'TRUE', '2025-02-23 17:12:29', '2025-02-23 17:12:29'),
(38, 'asirwanda30', 'jsuwarno@example.net', '(_X@G5KqEO', 'SELLER', 'TRUE', '2025-02-03 07:34:30', '2025-02-03 07:34:30'),
(39, 'mustofaibrani', 'salsabilasihotang@example.org', '_9$7MtddU*', 'SELLER', 'TRUE', '2025-02-03 14:50:31', '2025-02-03 14:50:31'),
(40, 'qrahmawati', 'murtihalim@example.com', 'Y#ilc2RsNl', 'SELLER', 'TRUE', '2025-01-11 01:53:16', '2025-01-11 01:53:16'),
(41, 'xusamah', 'janetsinaga@example.net', 'L)L9S(yo2*', 'SELLER', 'FALSE', '2025-01-07 08:11:13', '2025-01-07 08:11:13'),
(42, 'martanamansur', 'nardizulkarnain@example.com', 'J1!lTprM(i', 'SELLER', 'FALSE', '2025-02-19 18:02:45', '2025-02-19 18:02:45'),
(43, 'adiarjalazuardi', 'natsirghani@example.org', '_2AKsDVna+', 'SELLER', 'FALSE', '2025-01-11 11:34:58', '2025-01-11 11:34:58'),
(44, 'titimanullang', 'dpermadi@example.net', 'w3qYS6v@!7', 'SELLER', 'TRUE', '2025-01-01 22:16:30', '2025-01-01 22:16:30'),
(45, 'handayaniwakiman', 'utamaghaliyati@example.com', 'sI5XXoHc*$', 'SELLER', 'TRUE', '2025-03-03 22:03:02', '2025-03-03 22:03:02'),
(46, 'bsuartini', 'caryani@example.net', '((4OT5ms3A', 'SELLER', 'TRUE', '2025-01-30 09:05:40', '2025-01-30 09:05:40'),
(47, 'budiyantoamalia', 'rajatajaeman@example.org', 'SPUKVDrp@0', 'SELLER', 'FALSE', '2025-03-02 01:43:07', '2025-03-02 01:43:07'),
(48, 'jasmin65', 'srahmawati@example.com', '!e%g(Q!o8!', 'SELLER', 'TRUE', '2025-02-04 00:48:54', '2025-02-04 00:48:54'),
(49, 'enashiruddin', 'mmangunsong@example.com', '9$yT8ozC)%', 'SELLER', 'TRUE', '2025-03-05 07:52:20', '2025-03-05 07:52:20'),
(50, 'fathonahmahendra', 'padmiutama@example.org', 'ZoR0NCCdo%', 'SELLER', 'TRUE', '2025-02-04 06:48:02', '2025-02-04 06:48:02'),
(51, 'qbudiyanto', 'safina08@example.org', '6&666RHuH0', 'SELLER', 'TRUE', '2025-02-22 01:36:54', '2025-02-22 01:36:54'),
(52, 'wrajata', 'queen56@example.com', '1Z*8i+g($n', 'SELLER', 'TRUE', '2025-01-20 17:59:55', '2025-01-20 17:59:55'),
(53, 'ilsapurnawati', 'hsitorus@example.net', '2)M2O5zoOa', 'SELLER', 'FALSE', '2025-01-19 03:48:58', '2025-01-19 03:48:58'),
(54, 'kani53', 'kariman40@example.org', '!e1s8Ws#i&', 'SELLER', 'FALSE', '2025-02-24 01:59:38', '2025-02-24 01:59:38'),
(55, 'astutigina', 'sarinajmudin@example.net', '@a)I64j+E5', 'SELLER', 'TRUE', '2025-02-18 15:55:24', '2025-02-18 15:55:24'),
(56, 'owulandari', 'estiawan58@example.org', '%3WT3h&n36', 'SELLER', 'FALSE', '2025-02-02 07:38:33', '2025-02-02 07:38:33'),
(57, 'budimankariman', 'usamahcakrabuana@example.com', '&6dK9u5iqO', 'SELLER', 'TRUE', '2025-02-24 23:46:20', '2025-02-24 23:46:20'),
(58, 'tarihorankuncara', 'zprasasta@example.org', '+FEMoea+3q', 'SELLER', 'TRUE', '2025-01-20 20:37:57', '2025-01-20 20:37:57'),
(59, 'tira57', 'andrianikuncara@example.org', 'z57IH2Wb_N', 'SELLER', 'FALSE', '2025-01-08 03:43:24', '2025-01-08 03:43:24'),
(60, 'zaenab41', 'kusmawatikairav@example.org', 'i(4Rn)#9gn', 'SELLER', 'FALSE', '2025-01-22 08:27:57', '2025-01-22 08:27:57'),
(61, 'adelaksmiwati', 'rtarihoran@example.com', 'a#h3OifHRY', 'SELLER', 'TRUE', '2025-03-11 03:23:56', '2025-03-11 03:23:56'),
(62, 'suwarnorahmat', 'uprasetya@example.org', 'sXK013amw^', 'SELLER', 'TRUE', '2025-02-09 13:36:05', '2025-02-09 13:36:05'),
(63, 'usadazahra', 'unainggolan@example.com', 'OH^y0+5gA#', 'SELLER', 'FALSE', '2025-01-28 03:13:50', '2025-01-28 03:13:50'),
(64, 'puspitataufan', 'gilda54@example.org', 'EwYexDC(@7', 'SELLER', 'TRUE', '2025-01-22 22:39:07', '2025-01-22 22:39:07'),
(65, 'sfujiati', 'suartinicengkal@example.org', 'Ui8h8MCMI!', 'SELLER', 'FALSE', '2025-03-13 01:32:25', '2025-03-13 01:32:25'),
(66, 'alambanasaputra', 'widodojinawi@example.com', '_3zVVPodD$', 'SELLER', 'TRUE', '2025-01-19 06:57:24', '2025-01-19 06:57:24'),
(67, 'lurhurnainggolan', 'pratiwiamalia@example.org', '3^3&pwC$ay', 'SELLER', 'FALSE', '2025-01-30 08:32:26', '2025-01-30 08:32:26'),
(68, 'arahimah', 'nabilahabibi@example.org', '(3$sNPSuYd', 'SELLER', 'FALSE', '2025-03-13 08:05:09', '2025-03-13 08:05:09'),
(69, 'ujailani', 'hesti38@example.com', 'Y2J6ztlq&o', 'SELLER', 'FALSE', '2025-03-10 18:54:22', '2025-03-10 18:54:22'),
(70, 'nwahyudin', 'ssaefullah@example.org', '*diQk%wm9b', 'SELLER', 'FALSE', '2025-01-26 04:15:32', '2025-01-26 04:15:32'),
(71, 'kuswandariaditya', 'szulkarnain@example.org', '^vSWT%5v04', 'SELLER', 'TRUE', '2025-02-21 12:53:58', '2025-02-21 12:53:58'),
(72, 'vanesa73', 'dacinnovitasari@example.org', 'gl9gD1e9*%', 'SELLER', 'TRUE', '2025-01-04 09:11:25', '2025-01-04 09:11:25'),
(73, 'damanikgalak', 'jagamulyani@example.com', 'e#6SGDxhRE', 'SELLER', 'FALSE', '2025-01-10 05:17:18', '2025-01-10 05:17:18'),
(74, 'fprayoga', 'kuncara37@example.org', 'Zx5wneVb!!', 'SELLER', 'TRUE', '2025-01-03 17:35:05', '2025-01-03 17:35:05'),
(75, 'caketsafitri', 'kariman95@example.net', 'e6rSSMxq^v', 'SELLER', 'FALSE', '2025-03-04 22:49:58', '2025-03-04 22:49:58'),
(76, 'puji29', 'wirda63@example.org', 'kH4Xt4NzR*', 'SELLER', 'TRUE', '2025-01-20 21:41:45', '2025-01-20 21:41:45'),
(77, 'handriani', 'atmarahmawati@example.net', ')qQ3EAujo1', 'SELLER', 'TRUE', '2025-02-18 22:18:52', '2025-02-18 22:18:52'),
(78, 'suryapradana', 'qriyanti@example.com', '9+rJ4HRiR*', 'SELLER', 'FALSE', '2025-01-22 16:37:32', '2025-01-22 16:37:32'),
(79, 'sitiyulianti', 'manullanghesti@example.net', '86@ILsi%&H', 'SELLER', 'FALSE', '2025-03-11 00:39:41', '2025-03-11 00:39:41'),
(80, 'zputra', 'eka09@example.org', 'jTZY1L0nM(', 'SELLER', 'TRUE', '2025-01-17 08:33:35', '2025-01-17 08:33:35'),
(81, 'kuswoyoartawan', 'omandala@example.net', ')rV%rUgx23', 'SELLER', 'TRUE', '2025-02-07 19:09:26', '2025-02-07 19:09:26'),
(82, 'ganep63', 'nyoman60@example.net', '*1vF*^Gy_Z', 'SELLER', 'TRUE', '2025-01-31 02:00:54', '2025-01-31 02:00:54'),
(83, 'triyanti', 'yessisimbolon@example.com', '*D&g37Vm@I', 'SELLER', 'FALSE', '2025-01-26 04:24:34', '2025-01-26 04:24:34'),
(84, 'tambamumpuni', 'rbudiyanto@example.net', 'OnUTq(P7!6', 'SELLER', 'TRUE', '2025-02-17 05:35:33', '2025-02-17 05:35:33'),
(85, 'darmanprasetyo', 'jumadimandasari@example.org', 'Q!vz8Z8s@i', 'SELLER', 'TRUE', '2025-03-10 10:08:56', '2025-03-10 10:08:56'),
(86, 'bajraginwijayanti', 'kuswandariratna@example.org', 'tAv5SVHo#b', 'SELLER', 'TRUE', '2025-02-25 21:00:52', '2025-02-25 21:00:52'),
(87, 'gatot66', 'llaksita@example.org', 'E$ub4IFzPX', 'SELLER', 'FALSE', '2025-01-27 20:48:11', '2025-01-27 20:48:11'),
(88, 'oktavianibalapati', 'digdaya41@example.org', '$8VbeMZ6%Y', 'SELLER', 'FALSE', '2025-01-31 14:38:11', '2025-01-31 14:38:11'),
(89, 'azulkarnain', 'waluyo04@example.com', '%R4$Ngco$v', 'SELLER', 'FALSE', '2025-02-09 12:34:37', '2025-02-09 12:34:37'),
(90, 'paiman26', 'ykuswoyo@example.com', '%3E$G#iXRx', 'SELLER', 'FALSE', '2025-01-30 18:45:14', '2025-01-30 18:45:14'),
(91, 'cindyharyanti', 'silviahutagalung@example.com', '945LQF0l#7', 'SELLER', 'FALSE', '2025-01-07 14:13:31', '2025-01-07 14:13:31'),
(92, 'yulia93', 'irfansaragih@example.net', 'T8Tja3KT(e', 'SELLER', 'TRUE', '2025-01-13 11:10:15', '2025-01-13 11:10:15'),
(93, 'nababankaren', 'entengdamanik@example.org', 'P44j7rut@U', 'SELLER', 'FALSE', '2025-02-26 23:15:36', '2025-02-26 23:15:36'),
(94, 'ajimat46', 'frajata@example.net', 'J)1HlqFgfG', 'SELLER', 'TRUE', '2025-01-23 01:46:12', '2025-01-23 01:46:12'),
(95, 'bellafarida', 'galur40@example.net', 'B!$78APk+y', 'SELLER', 'TRUE', '2025-01-21 15:30:41', '2025-01-21 15:30:41'),
(96, 'cpermata', 'mansuryono@example.net', '+RND^4yY%7', 'SELLER', 'TRUE', '2025-02-20 18:22:43', '2025-02-20 18:22:43'),
(97, 'nlaksmiwati', 'vimansiregar@example.net', 'zF31IVa!0@', 'SELLER', 'FALSE', '2025-01-13 12:32:10', '2025-01-13 12:32:10'),
(98, 'dtamba', 'vsalahudin@example.org', '@IW3mZi8!y', 'SELLER', 'TRUE', '2025-02-10 00:50:12', '2025-02-10 00:50:12'),
(99, 'dindasamosir', 'chandra56@example.com', '$^2DTp%__b', 'SELLER', 'FALSE', '2025-03-05 16:16:38', '2025-03-05 16:16:38'),
(100, 'fsetiawan', 'maryantopangestu@example.com', '*8*SxD26@5', 'SELLER', 'FALSE', '2025-01-14 15:24:24', '2025-01-14 15:24:24'),
(101, 'vprasetyo', 'bancarhutapea@example.com', '2JO2vBogn+', 'SELLER', 'TRUE', '2025-02-02 18:58:20', '2025-02-02 18:58:20'),
(102, 'mutia57', 'hasta67@example.org', 'x#9hiVOhG_', 'SELLER', 'TRUE', '2025-02-06 02:09:39', '2025-02-06 02:09:39'),
(103, 'ciaobellabudiman', 'ksimbolon@example.net', '#@Oi6eOqUc', 'SELLER', 'FALSE', '2025-01-10 17:35:55', '2025-01-10 17:35:55'),
(104, 'yprastuti', 'abyasa62@example.com', 'nKmn^8Fnw5', 'SELLER', 'FALSE', '2025-03-06 06:22:51', '2025-03-06 06:22:51'),
(105, 'llailasari', 'hastauyainah@example.org', 'B+++9J4i*v', 'SELLER', 'FALSE', '2025-02-26 19:42:20', '2025-02-26 19:42:20'),
(106, 'saptonodarman', 'nataliadongoran@example.org', '%#s4MK!fG5', 'SELLER', 'TRUE', '2025-02-01 07:22:34', '2025-02-01 07:22:34'),
(107, 'luwesmarbun', 'olazuardi@example.com', 'G#LT0OmM(*', 'SELLER', 'TRUE', '2025-03-04 00:38:43', '2025-03-04 00:38:43'),
(108, 'hakimgatot', 'fsamosir@example.com', ')1^ACv&bby', 'SELLER', 'TRUE', '2025-01-06 04:24:52', '2025-01-06 04:24:52'),
(109, 'tarihorantari', 'lkurniawan@example.com', 'PgDeR8xt)4', 'SELLER', 'TRUE', '2025-01-18 12:59:44', '2025-01-18 12:59:44'),
(110, 'samsul08', 'gtampubolon@example.net', 'N6$GlifO_h', 'SELLER', 'FALSE', '2025-02-19 04:41:18', '2025-02-19 04:41:18'),
(111, 'namagatimbul', 'mahmud11@example.net', '^dD*mrp025', 'SELLER', 'TRUE', '2025-02-06 14:14:41', '2025-02-06 14:14:41'),
(112, 'johan42', 'sudiatikasim@example.com', '0t!@1tRs+(', 'SELLER', 'TRUE', '2025-02-08 19:18:10', '2025-02-08 19:18:10'),
(113, 'ahalimah', 'qkurniawan@example.net', 'oiM2XfZ7*y', 'SELLER', 'TRUE', '2025-01-27 19:33:30', '2025-01-27 19:33:30'),
(114, 'rahayulega', 'ulva36@example.com', 'bB40@Bot#f', 'SELLER', 'TRUE', '2025-01-24 05:38:16', '2025-01-24 05:38:16'),
(115, 'enatsir', 'radenwahyuni@example.com', '_R(6#EcT0L', 'SELLER', 'FALSE', '2025-02-15 01:35:07', '2025-02-15 01:35:07'),
(116, 'kamaria99', 'mlaksmiwati@example.net', 'DxO8DxRp&D', 'SELLER', 'TRUE', '2025-03-13 04:58:54', '2025-03-13 04:58:54'),
(117, 'dagel80', 'liman89@example.org', '$eOT$($)g2', 'SELLER', 'TRUE', '2025-02-04 23:16:59', '2025-02-04 23:16:59'),
(118, 'nriyanti', 'zaenabbudiyanto@example.com', '*0IQCDdcjf', 'SELLER', 'TRUE', '2025-02-14 09:22:50', '2025-02-14 09:22:50'),
(119, 'warsita98', 'hwijaya@example.com', '^BeCKbUE55', 'SELLER', 'FALSE', '2025-02-28 15:10:19', '2025-02-28 15:10:19'),
(120, 'oyulianti', 'banaraardianto@example.org', 'fn&p9sFzEZ', 'SELLER', 'FALSE', '2025-03-01 20:42:31', '2025-03-01 20:42:31'),
(121, 'sihombingjayadi', 'elon31@example.com', '@bI5Ru@c$p', 'SELLER', 'FALSE', '2025-03-13 08:53:39', '2025-03-13 08:53:39'),
(122, 'tiarasitorus', 'ibunsimanjuntak@example.org', 'k*^a0VyxsI', 'SELLER', 'FALSE', '2025-01-07 11:30:54', '2025-01-07 11:30:54'),
(123, 'gaimansaefullah', 'rahmi03@example.com', '&K5Iy50Rr3', 'SELLER', 'FALSE', '2025-03-04 11:49:53', '2025-03-04 11:49:53'),
(124, 'nmulyani', 'dimas34@example.com', 'z+5Kedn89l', 'SELLER', 'FALSE', '2025-03-04 04:03:26', '2025-03-04 04:03:26'),
(125, 'ysaputra', 'hasanahirnanto@example.com', '_NAmN2rxD7', 'SELLER', 'FALSE', '2025-01-26 04:10:24', '2025-01-26 04:10:24'),
(126, 'xsitorus', 'rafigunawan@example.net', 'V%34K3gK&6', 'SELLER', 'TRUE', '2025-02-19 13:16:30', '2025-02-19 13:16:30'),
(127, 'rpuspasari', 'maheswarabajragin@example.org', 'h+!0NHqt^g', 'SELLER', 'FALSE', '2025-01-13 14:20:36', '2025-01-13 14:20:36'),
(128, 'kandriani', 'caket79@example.org', 'n1jVAugr&6', 'SELLER', 'FALSE', '2025-01-13 21:42:59', '2025-01-13 21:42:59'),
(129, 'simanjuntaknilam', 'ihsan06@example.com', 'S*4J$l(k4B', 'SELLER', 'FALSE', '2025-01-14 21:24:56', '2025-01-14 21:24:56'),
(130, 'tsimbolon', 'hidayantogandi@example.com', '!h5FeIcn^7', 'SELLER', 'TRUE', '2025-01-22 15:26:57', '2025-01-22 15:26:57'),
(131, 'yuniarleo', 'karman66@example.com', '&0DiXXT+Jl', 'SELLER', 'FALSE', '2025-01-23 12:58:17', '2025-01-23 12:58:17'),
(132, 'sariwijayanti', 'ihardiansyah@example.org', 'z)3YzRg7&t', 'SELLER', 'FALSE', '2025-03-07 04:21:05', '2025-03-07 04:21:05'),
(133, 'jamalia41', 'sitorusedison@example.net', '$8Ovlwj2LN', 'SELLER', 'TRUE', '2025-02-17 13:38:32', '2025-02-17 13:38:32'),
(134, 'dacinyuniar', 'tfarida@example.com', '8$4Gy3(kh%', 'SELLER', 'TRUE', '2025-03-08 01:04:58', '2025-03-08 01:04:58'),
(135, 'lamarnarpati', 'nugrahaardianto@example.com', 'N^7)Np4bKv', 'SELLER', 'FALSE', '2025-02-28 05:57:53', '2025-02-28 05:57:53'),
(136, 'dsihombing', 'budimanemin@example.net', '+qpmSl1Q80', 'SELLER', 'FALSE', '2025-02-16 05:39:57', '2025-02-16 05:39:57'),
(137, 'gamani94', 'mpuspasari@example.com', '^#1SrpyKUp', 'SELLER', 'FALSE', '2025-02-06 15:59:59', '2025-02-06 15:59:59'),
(138, 'jagaprasasta', 'dadap38@example.net', 'cd5Q35Pd*$', 'SELLER', 'TRUE', '2025-01-11 19:15:35', '2025-01-11 19:15:35'),
(139, 'mayasarimulyanto', 'zizi18@example.org', '%NYDGHEt98', 'SELLER', 'FALSE', '2025-01-25 07:43:46', '2025-01-25 07:43:46'),
(140, 'mariadi95', 'diananamaga@example.net', '_p7M8UDb$%', 'SELLER', 'TRUE', '2025-02-27 09:33:07', '2025-02-27 09:33:07'),
(141, 'nabila06', 'elon40@example.org', '_0XahtsN%D', 'SELLER', 'FALSE', '2025-02-03 07:55:17', '2025-02-03 07:55:17'),
(142, 'yuniarkasim', 'budisiregar@example.com', 'c&V09gGySG', 'SELLER', 'FALSE', '2025-02-01 09:34:25', '2025-02-01 09:34:25'),
(143, 'ksudiati', 'yoga35@example.net', 'Sj5IDatk$F', 'SELLER', 'TRUE', '2025-03-12 09:35:00', '2025-03-12 09:35:00'),
(144, 'sidiqwahyuni', 'purnawatilanjar@example.net', '_geNHeFF09', 'SELLER', 'FALSE', '2025-02-27 09:23:08', '2025-02-27 09:23:08'),
(145, 'estiono34', 'qpurwanti@example.com', '#5QuFkGAp(', 'SELLER', 'FALSE', '2025-03-13 06:49:24', '2025-03-13 06:49:24'),
(146, 'umayasari', 'spermata@example.net', '!6J5vbwg@o', 'SELLER', 'TRUE', '2025-01-29 14:02:31', '2025-01-29 14:02:31'),
(147, 'gatra08', 'lnashiruddin@example.net', 'v0ngmGxM_G', 'SELLER', 'FALSE', '2025-01-23 21:42:44', '2025-01-23 21:42:44'),
(148, 'damu33', 'epurwanti@example.org', '(l2I8zs+9$', 'SELLER', 'FALSE', '2025-03-09 18:32:55', '2025-03-09 18:32:55'),
(149, 'hrahimah', 'murtitampubolon@example.org', '#sD!IY&S(4', 'SELLER', 'TRUE', '2025-02-20 09:14:15', '2025-02-20 09:14:15'),
(150, 'laksmiwatidacin', 'zhariyah@example.net', 'PFR3EFNfO&', 'SELLER', 'FALSE', '2025-01-20 03:31:42', '2025-01-20 03:31:42'),
(151, 'owidodo', 'cengkal81@example.org', '_S8lJYjJeM', 'SELLER', 'FALSE', '2025-02-15 14:40:08', '2025-02-15 14:40:08'),
(152, 'betaniasihombing', 'hendraanggraini@example.org', '$n*^3KhQ%L', 'SELLER', 'FALSE', '2025-03-12 21:48:23', '2025-03-12 21:48:23'),
(153, 'swinarno', 'mutia60@example.com', '(84O1)p&uv', 'SELLER', 'TRUE', '2025-02-22 07:46:38', '2025-02-22 07:46:38'),
(154, 'hmustofa', 'rzulkarnain@example.com', '(8f9aBt7cY', 'SELLER', 'FALSE', '2025-02-22 05:27:06', '2025-02-22 05:27:06'),
(155, 'najmudinjamal', 'hanisaputra@example.com', 'YOn52(lc0@', 'SELLER', 'FALSE', '2025-03-10 11:35:42', '2025-03-10 11:35:42'),
(156, 'rahmat21', 'hasim67@example.net', '01D^Ydh$_A', 'SELLER', 'TRUE', '2025-02-14 00:34:56', '2025-02-14 00:34:56'),
(157, 'hilda52', 'shania52@example.org', '9wuHFhRF+m', 'SELLER', 'TRUE', '2025-01-31 20:42:14', '2025-01-31 20:42:14'),
(158, 'febi38', 'saadathakim@example.org', '_OKT8FRz7S', 'SELLER', 'TRUE', '2025-03-12 06:59:04', '2025-03-12 06:59:04'),
(159, 'catur16', 'ophelia24@example.com', 'wfvF(DhF#0', 'SELLER', 'FALSE', '2025-02-11 01:01:17', '2025-02-11 01:01:17'),
(160, 'adriansyahartanto', 'purwanto55@example.net', 'p7$1B2ere_', 'SELLER', 'TRUE', '2025-01-18 08:17:57', '2025-01-18 08:17:57'),
(161, 'titigunarto', 'zulkarnainharsanto@example.com', 'm%8bVnuuU!', 'SELLER', 'TRUE', '2025-02-07 03:10:57', '2025-02-07 03:10:57'),
(162, 'lwibisono', 'kunthara05@example.com', 'v32MoIhHQ+', 'SELLER', 'FALSE', '2025-01-20 10:42:10', '2025-01-20 10:42:10'),
(163, 'riyantigangsa', 'kalarajata@example.com', '$)6GH)zg_N', 'SELLER', 'FALSE', '2025-01-26 19:05:23', '2025-01-26 19:05:23'),
(164, 'hasna63', 'hutasoitdinda@example.org', '$O4Akt9%EF', 'SELLER', 'FALSE', '2025-01-11 09:07:49', '2025-01-11 09:07:49'),
(165, 'kuswandarilaksana', 'qhutasoit@example.org', 'v#89UFxL$x', 'SELLER', 'FALSE', '2025-02-26 00:50:17', '2025-02-26 00:50:17'),
(166, 'thamrinnatalia', 'akarsana02@example.com', 'G2X5lEbu)&', 'SELLER', 'FALSE', '2025-01-25 15:09:15', '2025-01-25 15:09:15'),
(167, 'utamanovitasari', 'cemetiwijaya@example.net', 'n382QnZw%I', 'SELLER', 'TRUE', '2025-02-28 05:13:21', '2025-02-28 05:13:21'),
(168, 'qpermadi', 'iswahyudirafid@example.net', 'I%e1gUM8@v', 'SELLER', 'TRUE', '2025-02-05 12:31:38', '2025-02-05 12:31:38'),
(169, 'ruditarihoran', 'gambiraprasetyo@example.org', '5cWPvUkl(K', 'SELLER', 'TRUE', '2025-02-25 10:15:39', '2025-02-25 10:15:39'),
(170, 'yani29', 'whidayanto@example.com', 'I354pGNm__', 'SELLER', 'FALSE', '2025-03-09 21:07:35', '2025-03-09 21:07:35'),
(171, 'kambalisuryatmi', 'mulyono63@example.org', '^%R#CmRZ32', 'SELLER', 'TRUE', '2025-01-29 04:04:20', '2025-01-29 04:04:20'),
(172, 'amustofa', 'tsimbolon@example.org', '8Af0g(TbS@', 'SELLER', 'TRUE', '2025-01-18 09:38:21', '2025-01-18 09:38:21'),
(173, 'jabal94', 'mayasarijaiman@example.org', 'P&5TnLSj&S', 'SELLER', 'TRUE', '2025-03-09 11:31:56', '2025-03-09 11:31:56'),
(174, 'gatotwidiastuti', 'wartanapitupulu@example.net', '+*mEFVuH0^', 'SELLER', 'TRUE', '2025-01-06 15:38:22', '2025-01-06 15:38:22'),
(175, 'khutasoit', 'cmaulana@example.com', 'rv4TNnt!^(', 'SELLER', 'FALSE', '2025-01-31 15:56:44', '2025-01-31 15:56:44'),
(176, 'kani97', 'tantri32@example.org', '3_j1ksKu*+', 'SELLER', 'TRUE', '2025-02-13 17:48:03', '2025-02-13 17:48:03'),
(177, 'adhiarjasimbolon', 'zamira83@example.net', '_Ti0SkYbY$', 'SELLER', 'FALSE', '2025-02-23 13:20:40', '2025-02-23 13:20:40'),
(178, 'ibrahim03', 'taufan21@example.net', 'do9HlbMy$s', 'SELLER', 'FALSE', '2025-02-16 04:05:53', '2025-02-16 04:05:53'),
(179, 'kasiyah52', 'lsiregar@example.org', '(5f7R%5PnY', 'SELLER', 'TRUE', '2025-03-01 19:54:15', '2025-03-01 19:54:15'),
(180, 'humairasaptono', 'krahayu@example.org', 'KKgW66Qq(3', 'SELLER', 'FALSE', '2025-02-18 04:05:15', '2025-02-18 04:05:15'),
(181, 'tiranasyidah', 'suryatminugraha@example.org', '!%ryQySyX7', 'SELLER', 'TRUE', '2025-02-05 20:27:36', '2025-02-05 20:27:36'),
(182, 'nadinesamosir', 'psuwarno@example.org', 'Rz94mHkX&A', 'SELLER', 'TRUE', '2025-03-04 07:44:49', '2025-03-04 07:44:49'),
(183, 'onarpati', 'niyagawibowo@example.net', '@#03ysykzH', 'SELLER', 'FALSE', '2025-01-27 06:38:40', '2025-01-27 06:38:40'),
(184, 'wagepertiwi', 'reksapermadi@example.com', '!2GJo1fxd#', 'SELLER', 'FALSE', '2025-02-18 01:31:01', '2025-02-18 01:31:01'),
(185, 'gangsarlailasari', 'bprasetyo@example.org', '+JOI0QdM8j', 'SELLER', 'TRUE', '2025-03-06 13:34:09', '2025-03-06 13:34:09'),
(186, 'asirwandagunawan', 'tania12@example.com', 'w(%4+UnTVb', 'SELLER', 'TRUE', '2025-02-08 02:48:59', '2025-02-08 02:48:59'),
(187, 'hidayatjoko', 'ghandayani@example.org', 'Ms8JR%y&1@', 'SELLER', 'TRUE', '2025-03-05 16:10:31', '2025-03-05 16:10:31'),
(188, 'laksmiwativiktor', 'cakrawalawasita@example.org', '%TC62fyZX6', 'SELLER', 'FALSE', '2025-01-06 08:59:23', '2025-01-06 08:59:23'),
(189, 'ryuliarti', 'baktionotarihoran@example.org', 'wB9wLKpN@n', 'SELLER', 'TRUE', '2025-02-07 12:51:09', '2025-02-07 12:51:09'),
(190, 'gatot38', 'pprasetya@example.net', '!Vp7Y+Wh)*', 'SELLER', 'TRUE', '2025-03-03 15:49:38', '2025-03-03 15:49:38'),
(191, 'mandalaradit', 'rnasyidah@example.org', 'm1Byp2pS&a', 'SELLER', 'TRUE', '2025-02-25 10:19:12', '2025-02-25 10:19:12'),
(192, 'lagustina', 'rutama@example.net', 'A79YH!Bs%C', 'SELLER', 'FALSE', '2025-01-28 22:41:33', '2025-01-28 22:41:33'),
(193, 'lhakim', 'damargunawan@example.net', 'u2CHuSO)#8', 'SELLER', 'FALSE', '2025-01-07 22:40:50', '2025-01-07 22:40:50'),
(194, 'hendraprakasa', 'kenes22@example.net', 'Ov5IfV4e*e', 'SELLER', 'TRUE', '2025-01-01 12:09:49', '2025-01-01 12:09:49'),
(195, 'lukita72', 'hsimanjuntak@example.net', 'Hy5PxK!x*1', 'SELLER', 'FALSE', '2025-03-08 02:32:26', '2025-03-08 02:32:26'),
(196, 'emplukprasetyo', 'viman98@example.com', 'w$v8YxaU@8', 'SELLER', 'TRUE', '2025-02-11 00:19:32', '2025-02-11 00:19:32'),
(197, 'latuponoajimin', 'juliahabibi@example.net', 'a%$K!^P%)0', 'SELLER', 'TRUE', '2025-01-08 04:12:48', '2025-01-08 04:12:48'),
(198, 'rfirgantoro', 'santosoyuni@example.org', 'k!v21UbECj', 'SELLER', 'FALSE', '2025-01-16 00:43:06', '2025-01-16 00:43:06'),
(199, 'ian50', 'hendranamaga@example.org', '(l1Xsf4WA$', 'SELLER', 'FALSE', '2025-03-05 07:18:18', '2025-03-05 07:18:18'),
(200, 'wahyudinrizki', 'vpadmasari@example.net', 'oF!1vTtA_r', 'SELLER', 'TRUE', '2025-01-23 01:58:36', '2025-01-23 01:58:36'),
(201, 'jagaraga80', 'saka39@example.com', '7y9kEZ9T&w', 'SELLER', 'FALSE', '2025-02-04 01:54:11', '2025-02-04 01:54:11'),
(202, 'zsaefullah', 'rajatagabriella@example.net', 'SEh^3Pv0EP', 'SELLER', 'TRUE', '2025-02-25 16:00:33', '2025-02-25 16:00:33'),
(203, 'wastutirahman', 'almirasiregar@example.net', '%jWq&bXPb9', 'SELLER', 'TRUE', '2025-01-13 21:25:55', '2025-01-13 21:25:55'),
(204, 'xananaprasetya', 'hutagalungasirwada@example.com', '%K^pJ%Scq1', 'SELLER', 'TRUE', '2025-01-27 19:41:43', '2025-01-27 19:41:43'),
(205, 'respatiwaluyo', 'simonhalim@example.net', '!2ZPFaG*!D', 'SELLER', 'FALSE', '2025-01-29 06:55:40', '2025-01-29 06:55:40'),
(206, 'dnovitasari', 'qpangestu@example.org', '_^41NudrU%', 'SELLER', 'TRUE', '2025-01-23 06:44:16', '2025-01-23 06:44:16'),
(207, 'prima92', 'sihombingputu@example.com', 'bw7FP#9C)4', 'SELLER', 'FALSE', '2025-03-09 07:17:56', '2025-03-09 07:17:56'),
(208, 'paris28', 'maryadimichelle@example.org', '#(l8Klzq2n', 'SELLER', 'TRUE', '2025-01-22 07:26:48', '2025-01-22 07:26:48'),
(209, 'gandimansur', 'nuyainah@example.com', 'R7MZgkSu)r', 'SELLER', 'FALSE', '2025-02-17 15:53:01', '2025-02-17 15:53:01'),
(210, 'jaiman72', 'gmahendra@example.org', 'p57QibdE+P', 'SELLER', 'FALSE', '2025-03-03 10:35:51', '2025-03-03 10:35:51'),
(211, 'fardianto', 'smustofa@example.org', 'x4RGMiCh^E', 'SELLER', 'TRUE', '2025-01-29 01:15:26', '2025-01-29 01:15:26'),
(212, 'cpradana', 'ajimatusada@example.net', 'a1i5ZXrW$H', 'SELLER', 'FALSE', '2025-01-02 14:45:17', '2025-01-02 14:45:17'),
(213, 'wartamarpaung', 'jumarisetiawan@example.org', 'u0%UikIs^(', 'SELLER', 'FALSE', '2025-01-12 03:46:46', '2025-01-12 03:46:46'),
(214, 'qnarpati', 'qwastuti@example.com', '%42Ig&@vmy', 'SELLER', 'TRUE', '2025-01-10 03:15:07', '2025-01-10 03:15:07'),
(215, 'zprayoga', 'eko09@example.org', 'A@147ABwDL', 'SELLER', 'TRUE', '2025-02-18 06:22:12', '2025-02-18 06:22:12'),
(216, 'violetutama', 'fitriarajasa@example.org', 'GS!a0Tmzf$', 'SELLER', 'TRUE', '2025-01-15 13:59:08', '2025-01-15 13:59:08'),
(217, 'pradiptamartani', 'emongirawan@example.com', 'b)mV6KALTz', 'SELLER', 'TRUE', '2025-03-12 15:42:47', '2025-03-12 15:42:47'),
(218, 'hartananurdiyanti', 'yolandalegawa@example.com', '63BzUr_K!9', 'SELLER', 'FALSE', '2025-02-28 18:21:01', '2025-02-28 18:21:01'),
(219, 'ifa56', 'lailasariasmadi@example.net', '+R6Z6kwM)!', 'SELLER', 'TRUE', '2025-01-10 11:07:17', '2025-01-10 11:07:17'),
(220, 'sihombingolga', 'nainggolanharjaya@example.net', '_36k*P9ufv', 'SELLER', 'TRUE', '2025-02-05 22:13:04', '2025-02-05 22:13:04'),
(221, 'langgengoktaviani', 'rmansur@example.net', '#AidFdzg70', 'SELLER', 'FALSE', '2025-03-03 04:03:09', '2025-03-03 04:03:09'),
(222, 'tfarida', 'rachel99@example.com', '+1vRunttYy', 'SELLER', 'TRUE', '2025-01-10 01:21:30', '2025-01-10 01:21:30'),
(223, 'halimnaradi', 'hendra76@example.net', 'U_1wSZjBPd', 'SELLER', 'TRUE', '2025-02-16 05:37:25', '2025-02-16 05:37:25'),
(224, 'fprasetya', 'bakiono23@example.com', 'Llm4RAg6Z!', 'SELLER', 'FALSE', '2025-01-04 05:59:26', '2025-01-04 05:59:26'),
(225, 'donomandasari', 'gasti33@example.com', 'wWI9rjMq_(', 'SELLER', 'TRUE', '2025-01-15 20:34:45', '2025-01-15 20:34:45'),
(226, 'situmorangaditya', 'pandulatupono@example.net', '$wBMwgAj9(', 'SELLER', 'FALSE', '2025-01-03 05:38:27', '2025-01-03 05:38:27'),
(227, 'qlazuardi', 'siskapratiwi@example.com', '%S*8BlbB$3', 'SELLER', 'FALSE', '2025-02-01 18:55:24', '2025-02-01 18:55:24'),
(228, 'cahyono95', 'irma26@example.net', 'eO69QPvfm@', 'SELLER', 'TRUE', '2025-01-21 19:54:10', '2025-01-21 19:54:10'),
(229, 'najamjanuar', 'wawan65@example.com', '$D0mK92jx+', 'SELLER', 'TRUE', '2025-02-28 20:07:12', '2025-02-28 20:07:12'),
(230, 'dongoranimam', 'usimbolon@example.com', 'J^3VMl!5a)', 'SELLER', 'FALSE', '2025-01-21 19:08:48', '2025-01-21 19:08:48'),
(231, 'saiful57', 'faridafarah@example.com', '#Ss8UC+sKl', 'SELLER', 'FALSE', '2025-02-03 15:53:17', '2025-02-03 15:53:17'),
(232, 'damanikreksa', 'chandra49@example.org', '@(OT+Uoi8K', 'SELLER', 'FALSE', '2025-02-06 07:16:40', '2025-02-06 07:16:40'),
(233, 'hrahmawati', 'pradiptasakti@example.net', 'MC90QJhUC^', 'SELLER', 'FALSE', '2025-02-13 11:51:31', '2025-02-13 11:51:31'),
(234, 'putrasatya', 'tkuswandari@example.com', 'JFYNqzaR$5', 'SELLER', 'FALSE', '2025-02-14 02:08:12', '2025-02-14 02:08:12'),
(235, 'raihansaefullah', 'prastutimalika@example.com', '3(4yaZYsOW', 'SELLER', 'FALSE', '2025-01-02 19:21:08', '2025-01-02 19:21:08'),
(236, 'betanianuraini', 'mulyanieja@example.org', '!4%UOnd4as', 'SELLER', 'FALSE', '2025-01-18 17:36:01', '2025-01-18 17:36:01'),
(237, 'saifulnarpati', 'karna68@example.com', '_ck2OrPw*_', 'SELLER', 'TRUE', '2025-01-01 21:10:28', '2025-01-01 21:10:28'),
(238, 'anggrainidadap', 'zsuryatmi@example.net', 'aW2WmvpFo$', 'SELLER', 'FALSE', '2025-02-03 21:49:21', '2025-02-03 21:49:21'),
(239, 'omegantara', 'xnarpati@example.org', 'bswsHaLH#3', 'SELLER', 'TRUE', '2025-01-05 08:11:14', '2025-01-05 08:11:14'),
(240, 'clara52', 'kuswoyoharto@example.com', 'ShtyX2No&i', 'SELLER', 'FALSE', '2025-01-25 20:35:35', '2025-01-25 20:35:35'),
(241, 'agnes21', 'qsaragih@example.net', 'BT8HtM#D#Q', 'SELLER', 'TRUE', '2025-02-01 07:59:45', '2025-02-01 07:59:45'),
(242, 'langgriawan', 'cemplunk51@example.org', 'H_&1FWnnXN', 'SELLER', 'FALSE', '2025-02-09 11:40:03', '2025-02-09 11:40:03'),
(243, 'elisanasyidah', 'lutfan76@example.com', 'sIBpB1#@+5', 'SELLER', 'TRUE', '2025-01-08 08:38:44', '2025-01-08 08:38:44'),
(244, 'slamet42', 'ghanihassanah@example.org', 'K%7Q5kmD9t', 'SELLER', 'TRUE', '2025-03-04 06:11:57', '2025-03-04 06:11:57'),
(245, 'pradanazizi', 'zulfa68@example.com', '7h9Ud!hL!R', 'SELLER', 'TRUE', '2025-02-14 11:43:34', '2025-02-14 11:43:34'),
(246, 'wmardhiyah', 'rezawulandari@example.net', 'lI&l9Vki0K', 'SELLER', 'TRUE', '2025-01-01 15:31:35', '2025-01-01 15:31:35'),
(247, 'saputrabakda', 'suryatmidamar@example.net', '&4JGmWk0qc', 'SELLER', 'TRUE', '2025-01-02 22:36:06', '2025-01-02 22:36:06'),
(248, 'kamidin93', 'akuswandari@example.net', 'rJQ0$BWw6@', 'SELLER', 'FALSE', '2025-01-15 13:41:20', '2025-01-15 13:41:20'),
(249, 'laksitaratna', 'ihartati@example.net', 'M36OO_us(p', 'SELLER', 'TRUE', '2025-01-22 18:50:02', '2025-01-22 18:50:02'),
(250, 'nainggolanvanesa', 'kuswandariargono@example.org', '7*89Ju8q7l', 'SELLER', 'TRUE', '2025-01-08 04:05:15', '2025-01-08 04:05:15'),
(251, 'nyana55', 'niyaga83@example.net', '#3Rmg#avfJ', 'SELLER', 'TRUE', '2025-02-19 04:25:56', '2025-02-19 04:25:56'),
(252, 'bsiregar', 'edwardkusumo@example.com', '^67brFYwwE', 'SELLER', 'TRUE', '2025-01-24 09:57:47', '2025-01-24 09:57:47'),
(253, 'owidiastuti', 'hoktaviani@example.org', 'S1OObMV*@W', 'SELLER', 'FALSE', '2025-02-05 10:24:21', '2025-02-05 10:24:21'),
(254, 'zulaikaelvin', 'wnurdiyanti@example.com', '+0P#nbmmX^', 'SELLER', 'FALSE', '2025-02-06 11:53:28', '2025-02-06 11:53:28'),
(255, 'ctamba', 'nainggolanhartana@example.com', 'K*Z2EkeA*l', 'SELLER', 'FALSE', '2025-01-21 13:01:59', '2025-01-21 13:01:59'),
(256, 'afirgantoro', 'gangsar34@example.org', '%hOQaPbo5y', 'SELLER', 'TRUE', '2025-02-22 09:01:15', '2025-02-22 09:01:15'),
(257, 'prasetyamutia', 'usaputra@example.net', '4@%8JrGpZf', 'SELLER', 'FALSE', '2025-02-22 13:07:06', '2025-02-22 13:07:06'),
(258, 'nadiamelani', 'inaadriansyah@example.com', '1&$CTOjZ&5', 'SELLER', 'FALSE', '2025-01-07 18:13:02', '2025-01-07 18:13:02'),
(259, 'bhakim', 'wastutiwidya@example.com', '&yh1Hetl2Z', 'SELLER', 'TRUE', '2025-01-29 10:23:45', '2025-01-29 10:23:45'),
(260, 'enatsir', 'irmalailasari@example.net', 'Auo1MCKc@J', 'SELLER', 'FALSE', '2025-03-08 07:53:24', '2025-03-08 07:53:24'),
(261, 'rangga30', 'jumari01@example.com', 's0Qkkmhs@U', 'SELLER', 'FALSE', '2025-02-20 11:37:04', '2025-02-20 11:37:04'),
(262, 'asman91', 'mandriani@example.com', '_pN7ZmJB@R', 'SELLER', 'TRUE', '2025-02-14 06:55:08', '2025-02-14 06:55:08'),
(263, 'zulkarnainhendri', 'sitompulsuci@example.net', 'v7&YuM_f*e', 'SELLER', 'TRUE', '2025-02-20 03:09:11', '2025-02-20 03:09:11'),
(264, 'donopadmasari', 'kacung40@example.net', '%5K^RT^rNP', 'SELLER', 'FALSE', '2025-01-22 06:40:30', '2025-01-22 06:40:30'),
(265, 'ppradipta', 'cawuklaksita@example.net', '$^eIP1Fs)Q', 'SELLER', 'FALSE', '2025-01-23 21:54:46', '2025-01-23 21:54:46'),
(266, 'dsetiawan', 'dprabowo@example.net', '(47YwE$7kt', 'SELLER', 'TRUE', '2025-03-02 16:54:16', '2025-03-02 16:54:16'),
(267, 'yunita74', 'hzulaika@example.net', '*L)9A^jeb!', 'SELLER', 'FALSE', '2025-01-14 22:27:05', '2025-01-14 22:27:05'),
(268, 'hairyantoprasasta', 'simonhidayanto@example.com', '&aVw$Cbk&6', 'SELLER', 'FALSE', '2025-01-30 15:11:09', '2025-01-30 15:11:09'),
(269, 'permataellis', 'caturangga51@example.com', 'kMZ8w8t9D@', 'SELLER', 'FALSE', '2025-03-11 13:55:24', '2025-03-11 13:55:24'),
(270, 'qwahyuni', 'anom99@example.org', 'g9dUWbCq+6', 'SELLER', 'TRUE', '2025-02-24 03:35:31', '2025-02-24 03:35:31'),
(271, 'sdabukke', 'lantarwahyudin@example.com', '!3A3FEc7@O', 'SELLER', 'FALSE', '2025-03-07 16:59:43', '2025-03-07 16:59:43'),
(272, 'lhastuti', 'titi32@example.org', '2Y0XMean@p', 'SELLER', 'FALSE', '2025-01-15 04:21:46', '2025-01-15 04:21:46'),
(273, 'opradana', 'novihassanah@example.org', 'G1MBQ!Kf$o', 'SELLER', 'FALSE', '2025-02-24 16:58:07', '2025-02-24 16:58:07'),
(274, 'taswir52', 'cawisonowaluyo@example.org', 'IY4LKvUm+Y', 'SELLER', 'TRUE', '2025-02-04 03:07:13', '2025-02-04 03:07:13'),
(275, 'ulailasari', 'syahrini68@example.com', '$jU4sP&c89', 'SELLER', 'FALSE', '2025-03-10 18:02:43', '2025-03-10 18:02:43'),
(276, 'rajasatira', 'yuniartari@example.org', '%f1SZ)Ds_^', 'SELLER', 'FALSE', '2025-02-16 04:59:09', '2025-02-16 04:59:09'),
(277, 'harsana78', 'jailanirizki@example.org', '%p0E5RjUw6', 'SELLER', 'TRUE', '2025-02-05 12:50:37', '2025-02-05 12:50:37'),
(278, 'unasyidah', 'waluyogilang@example.net', '!h(c0MbQi)', 'SELLER', 'FALSE', '2025-01-22 13:44:09', '2025-01-22 13:44:09'),
(279, 'zwasita', 'laila70@example.net', 'yXV#w^Di^5', 'SELLER', 'FALSE', '2025-02-20 16:39:20', '2025-02-20 16:39:20'),
(280, 'tpratama', 'pranatamaryadi@example.com', ')H1LFay(I)', 'SELLER', 'TRUE', '2025-02-19 09:42:27', '2025-02-19 09:42:27'),
(281, 'mayasaricitra', 'putradinda@example.org', '*EnLJs*gm1', 'SELLER', 'FALSE', '2025-02-05 03:59:37', '2025-02-05 03:59:37'),
(282, 'faizah93', 'balijan36@example.com', '(7UCEGts@b', 'SELLER', 'TRUE', '2025-02-26 08:44:16', '2025-02-26 08:44:16'),
(283, 'hendrapurnawati', 'ganda25@example.net', 'Ne0(^T0_z#', 'SELLER', 'FALSE', '2025-01-06 21:17:47', '2025-01-06 21:17:47'),
(284, 'ksihombing', 'pmaheswara@example.net', 'R6NH(7GuJ(', 'SELLER', 'FALSE', '2025-01-20 12:01:00', '2025-01-20 12:01:00'),
(285, 'kusmawatielisa', 'darsirah29@example.com', 'ejwWkpzg$1', 'SELLER', 'FALSE', '2025-02-13 06:09:46', '2025-02-13 06:09:46'),
(286, 'ilsa22', 'nhasanah@example.org', 'la@y2!RuE$', 'SELLER', 'FALSE', '2025-01-14 18:03:52', '2025-01-14 18:03:52'),
(287, 'jhutagalung', 'galih60@example.org', '6L2MLkwB^s', 'SELLER', 'FALSE', '2025-02-08 00:55:04', '2025-02-08 00:55:04'),
(288, 'yessi00', 'jhabibi@example.com', '@QETRa)b7H', 'SELLER', 'TRUE', '2025-01-09 19:31:27', '2025-01-09 19:31:27'),
(289, 'mfirmansyah', 'carub24@example.com', '$i&o8BxJxG', 'SELLER', 'FALSE', '2025-01-10 14:17:00', '2025-01-10 14:17:00'),
(290, 'wahyudinajiman', 'harimurti66@example.org', 'Yn7o1ZXe!*', 'SELLER', 'TRUE', '2025-02-25 17:18:53', '2025-02-25 17:18:53'),
(291, 'astutiasmianto', 'idasirait@example.org', '&R#ijB0m1G', 'SELLER', 'TRUE', '2025-01-28 23:49:39', '2025-01-28 23:49:39'),
(292, 'lanjar98', 'bagusmangunsong@example.net', '+_EaCWUyk1', 'SELLER', 'TRUE', '2025-01-06 09:30:51', '2025-01-06 09:30:51'),
(293, 'umi02', 'twidiastuti@example.com', 'I6hRtqev(&', 'SELLER', 'FALSE', '2025-03-04 01:19:44', '2025-03-04 01:19:44'),
(294, 'cahyo60', 'zwinarsih@example.com', '1nqkm7WI#%', 'SELLER', 'TRUE', '2025-01-13 01:45:34', '2025-01-13 01:45:34'),
(295, 'ira33', 'reksa17@example.com', '#^YOqb6&+8', 'SELLER', 'TRUE', '2025-03-03 07:57:54', '2025-03-03 07:57:54'),
(296, 'endah22', 'aswanipadmasari@example.net', 'K31n^LEa)z', 'SELLER', 'FALSE', '2025-01-07 09:43:36', '2025-01-07 09:43:36'),
(297, 'saputrahardana', 'puspa71@example.com', 'A9ys%WBn#Y', 'SELLER', 'FALSE', '2025-03-04 13:39:56', '2025-03-04 13:39:56'),
(298, 'vickypradana', 'pertiwiteddy@example.org', '#HkOTZwj8F', 'SELLER', 'FALSE', '2025-02-20 03:56:55', '2025-02-20 03:56:55'),
(299, 'lulutpudjiastuti', 'khardiansyah@example.com', 'ft!0LFf)xd', 'SELLER', 'TRUE', '2025-02-12 02:34:40', '2025-02-12 02:34:40'),
(300, 'jefrirahimah', 'cengkal99@example.net', '5Yr2G&$r(b', 'SELLER', 'TRUE', '2025-02-24 12:45:32', '2025-02-24 12:45:32'),
(301, 'hildahalimah', 'ibunnurdiyanti@example.com', 'W94fwMxg!Y', 'SELLER', 'TRUE', '2025-02-11 09:44:53', '2025-02-11 09:44:53'),
(302, 'artasamosir', 'bagas35@example.org', '!k7K@t!qt^', 'SELLER', 'TRUE', '2025-02-02 20:14:18', '2025-02-02 20:14:18'),
(303, 'anomnajmudin', 'hastutihafshah@example.net', '^0$YEgfn@r', 'SELLER', 'TRUE', '2025-02-16 15:06:35', '2025-02-16 15:06:35'),
(304, 'hasanahsilvia', 'vickyagustina@example.net', 'm2U$a5NfEk', 'SELLER', 'TRUE', '2025-02-27 17:57:57', '2025-02-27 17:57:57'),
(305, 'patricia15', 'fujiatihendri@example.net', '^#&5aPnqbl', 'SELLER', 'TRUE', '2025-02-11 10:27:49', '2025-02-11 10:27:49'),
(306, 'hidayatdadi', 'bala47@example.org', 'MA$90uunl#', 'SELLER', 'FALSE', '2025-01-19 22:40:04', '2025-01-19 22:40:04'),
(307, 'langgeng89', 'cinthia68@example.net', 'pY8QqO8k3^', 'SELLER', 'TRUE', '2025-02-14 06:05:02', '2025-02-14 06:05:02'),
(308, 'nashiruddinibrani', 'heruyuniar@example.com', 'rRTgWPWQ+3', 'SELLER', 'TRUE', '2025-01-03 11:08:25', '2025-01-03 11:08:25'),
(309, 'melanigaliono', 'samosirbakiono@example.com', '&fiZbrSz65', 'SELLER', 'TRUE', '2025-01-21 20:29:18', '2025-01-21 20:29:18'),
(310, 'pujisaptono', 'crajata@example.com', 'jpAXQTbG@0', 'SELLER', 'FALSE', '2025-02-06 07:40:02', '2025-02-06 07:40:02'),
(311, 'prayogaagustina', 'mayasaribaktiono@example.com', 'uR9H4abpT$', 'SELLER', 'FALSE', '2025-03-08 23:43:30', '2025-03-08 23:43:30'),
(312, 'mpadmasari', 'kusmawatimursinin@example.com', 'X1+%@wix(9', 'SELLER', 'FALSE', '2025-01-07 18:23:50', '2025-01-07 18:23:50'),
(313, 'himawanpalastri', 'pprasasta@example.com', '#r@8EwehB_', 'SELLER', 'TRUE', '2025-02-28 23:47:25', '2025-02-28 23:47:25'),
(314, 'halimamaulana', 'paimankusmawati@example.com', 'r1Z#6ZqKaz', 'SELLER', 'TRUE', '2025-02-19 03:16:24', '2025-02-19 03:16:24'),
(315, 'galuh66', 'lantarsaefullah@example.org', '^L3TFWvC)e', 'SELLER', 'FALSE', '2025-01-28 13:11:37', '2025-01-28 13:11:37'),
(316, 'prasetyomustofa', 'atmauwais@example.com', '*vbRhWL3a0', 'SELLER', 'FALSE', '2025-02-14 13:28:21', '2025-02-14 13:28:21'),
(317, 'artantohakim', 'eardianto@example.com', 'vN7)+!hcq!', 'SELLER', 'TRUE', '2025-03-09 17:01:50', '2025-03-09 17:01:50'),
(318, 'lmanullang', 'upiknarpati@example.org', '(BmABtr@(8', 'SELLER', 'FALSE', '2025-01-21 15:49:14', '2025-01-21 15:49:14'),
(319, 'wiboworeza', 'tasnimwastuti@example.com', 'XL5aY1Dr*!', 'SELLER', 'FALSE', '2025-02-18 17:36:06', '2025-02-18 17:36:06'),
(320, 'wisnujanuar', 'usadamalika@example.net', 'eTC%Ztz_$9', 'SELLER', 'FALSE', '2025-01-15 20:52:12', '2025-01-15 20:52:12'),
(321, 'kenzie44', 'radensaputra@example.org', '(HXE0Zw&vE', 'SELLER', 'TRUE', '2025-01-08 16:12:11', '2025-01-08 16:12:11'),
(322, 'prakosa61', 'bsirait@example.org', 'HaD4V!5a3$', 'SELLER', 'FALSE', '2025-02-10 20:54:48', '2025-02-10 20:54:48'),
(323, 'lestariraina', 'ymanullang@example.com', 'B#&ZGUwz!1', 'SELLER', 'FALSE', '2025-01-25 21:36:58', '2025-01-25 21:36:58'),
(324, 'wprasasta', 'wibisonolatika@example.net', '08UIpM(M^+', 'SELLER', 'FALSE', '2025-01-20 03:22:33', '2025-01-20 03:22:33'),
(325, 'wpurnawati', 'balijanastuti@example.org', '*ESwikBu7f', 'SELLER', 'TRUE', '2025-03-11 08:37:55', '2025-03-11 08:37:55'),
(326, 'taminatsir', 'suwarnogamanto@example.org', 'e)947TAL4q', 'SELLER', 'FALSE', '2025-02-18 17:54:55', '2025-02-18 17:54:55'),
(327, 'dabukkesaka', 'bakiman22@example.net', '!$9eNb9yWP', 'SELLER', 'FALSE', '2025-02-05 09:59:01', '2025-02-05 09:59:01'),
(328, 'simanjuntaksabri', 'purwanto39@example.net', 'Bd1ZJ8yV*U', 'SELLER', 'TRUE', '2025-01-24 17:46:14', '2025-01-24 17:46:14'),
(329, 'kamarianajmudin', 'mahendrakasiran@example.com', 's)Cx7gJrQ)', 'SELLER', 'FALSE', '2025-01-25 01:04:27', '2025-01-25 01:04:27'),
(330, 'lhardiansyah', 'rajataozy@example.com', 'dt_u8XgmAX', 'SELLER', 'FALSE', '2025-01-31 00:08:53', '2025-01-31 00:08:53'),
(331, 'gaimansaputra', 'laras62@example.net', '(3%Ruuu415', 'SELLER', 'FALSE', '2025-02-27 21:59:49', '2025-02-27 21:59:49'),
(332, 'ramadanwarji', 'tyuniar@example.org', '&m_Q8KaDgc', 'SELLER', 'FALSE', '2025-01-28 06:40:10', '2025-01-28 06:40:10'),
(333, 'manah77', 'utamisatya@example.com', 'c!a9Wh@gF5', 'SELLER', 'TRUE', '2025-01-20 18:11:26', '2025-01-20 18:11:26'),
(334, 'novitasariagus', 'rachel99@example.org', 'b_SCurnn^8', 'SELLER', 'TRUE', '2025-03-10 06:59:10', '2025-03-10 06:59:10'),
(335, 'wasitaella', 'paulin80@example.org', 'H#h9BEXl$0', 'SELLER', 'FALSE', '2025-01-09 12:14:02', '2025-01-09 12:14:02'),
(336, 'nardi59', 'xsitumorang@example.net', '(Y6R9x$krS', 'SELLER', 'TRUE', '2025-01-30 01:08:54', '2025-01-30 01:08:54'),
(337, 'damarlestari', 'rhutagalung@example.com', '!LX5!3Lz6$', 'SELLER', 'TRUE', '2025-01-30 08:32:40', '2025-01-30 08:32:40'),
(338, 'dagel49', 'tmulyani@example.org', '+iqAci3J+5', 'SELLER', 'TRUE', '2025-02-27 05:26:59', '2025-02-27 05:26:59'),
(339, 'kasim90', 'gandihastuti@example.com', 'LJ!50PhE)f', 'SELLER', 'FALSE', '2025-01-29 13:07:08', '2025-01-29 13:07:08'),
(340, 'vsuryatmi', 'ekaanggraini@example.net', 'dME3QLEl#J', 'SELLER', 'FALSE', '2025-03-08 04:20:47', '2025-03-08 04:20:47'),
(341, 'arsipatra63', 'samosirdartono@example.net', '(xLV!+7qj6', 'SELLER', 'FALSE', '2025-02-22 10:57:49', '2025-02-22 10:57:49'),
(342, 'hwacana', 'emong42@example.net', 'to9Z0UlYx(', 'SELLER', 'FALSE', '2025-02-20 18:51:17', '2025-02-20 18:51:17'),
(343, 'olivia39', 'smustofa@example.net', '^%Vm6YXqFo', 'SELLER', 'FALSE', '2025-01-12 11:41:59', '2025-01-12 11:41:59'),
(344, 'vputra', 'cemeti76@example.org', 'T4O8C1Am%8', 'SELLER', 'FALSE', '2025-01-27 10:44:13', '2025-01-27 10:44:13'),
(345, 'samosircaturangga', 'inanasyiah@example.net', '^V80Yc7y8h', 'SELLER', 'TRUE', '2025-01-16 01:26:03', '2025-01-16 01:26:03'),
(346, 'prayogo13', 'hadriansyah@example.net', '6CD_IZde(k', 'SELLER', 'TRUE', '2025-02-22 05:05:17', '2025-02-22 05:05:17'),
(347, 'galihmandala', 'bagus38@example.net', '+8wCnrHt)@', 'SELLER', 'FALSE', '2025-01-14 03:08:54', '2025-01-14 03:08:54'),
(348, 'kambali87', 'lasmonotampubolon@example.org', '^850ZPuw03', 'SELLER', 'FALSE', '2025-02-13 21:05:07', '2025-02-13 21:05:07'),
(349, 'daryanimarbun', 'karen20@example.org', '#5G+MowQzE', 'SELLER', 'TRUE', '2025-02-06 01:06:47', '2025-02-06 01:06:47'),
(350, 'gadingprastuti', 'gangsar10@example.org', '@th2aOl+gX', 'SELLER', 'FALSE', '2025-02-25 05:45:00', '2025-02-25 05:45:00'),
(351, 'ulyaputra', 'tantri38@example.net', 'CQ0Jd_)cl&', 'SELLER', 'FALSE', '2025-01-21 02:19:06', '2025-01-21 02:19:06'),
(352, 'mulyantowulandari', 'lanangnamaga@example.org', 'Y_8ArtXp($', 'SELLER', 'TRUE', '2025-02-25 12:14:44', '2025-02-25 12:14:44'),
(353, 'chelsea46', 'qhalim@example.org', '^S$6EP5w5c', 'SELLER', 'FALSE', '2025-01-20 02:10:23', '2025-01-20 02:10:23'),
(354, 'karja04', 'emilprayoga@example.org', 'gZxvNEso^5', 'SELLER', 'TRUE', '2025-03-09 19:39:35', '2025-03-09 19:39:35'),
(355, 'upadmasari', 'habibinrima@example.net', '@q3tpYWtaL', 'SELLER', 'TRUE', '2025-01-10 04:04:54', '2025-01-10 04:04:54'),
(356, 'cramadan', 'galionoprasasta@example.net', 'o$B3E4sI#1', 'SELLER', 'TRUE', '2025-01-21 23:04:37', '2025-01-21 23:04:37'),
(357, 'anggrainisatya', 'gastiharyanto@example.com', '5WY3Lhr!%z', 'SELLER', 'TRUE', '2025-01-12 17:15:21', '2025-01-12 17:15:21'),
(358, 'novitasarieka', 'khalimah@example.org', 'v%YiX$ZR+5', 'SELLER', 'TRUE', '2025-01-10 04:06:38', '2025-01-10 04:06:38'),
(359, 'adikaoktaviani', 'samosirlaras@example.net', '%0H5XHfs&p', 'SELLER', 'FALSE', '2025-01-03 20:15:50', '2025-01-03 20:15:50'),
(360, 'jarwadimaheswara', 'marpaungozy@example.com', '!gX@e0Ma_#', 'SELLER', 'TRUE', '2025-02-05 04:10:45', '2025-02-05 04:10:45'),
(361, 'karmahastuti', 'januarkemba@example.com', 'n(0nPgvX59', 'SELLER', 'FALSE', '2025-02-24 22:57:42', '2025-02-24 22:57:42'),
(362, 'widiastutiedward', 'hairyanto24@example.com', '^s5ESiwf6b', 'SELLER', 'TRUE', '2025-02-23 19:34:42', '2025-02-23 19:34:42'),
(363, 'maidasusanti', 'tsamosir@example.net', '2at8gJ6rx+', 'SELLER', 'TRUE', '2025-03-05 13:05:57', '2025-03-05 13:05:57'),
(364, 'qrahayu', 'ciciramadan@example.net', '*4yW%6Ichm', 'SELLER', 'FALSE', '2025-02-28 09:47:02', '2025-02-28 09:47:02'),
(365, 'praba64', 'marbunhalim@example.org', '76*P^GLs^w', 'SELLER', 'TRUE', '2025-01-09 07:55:36', '2025-01-09 07:55:36'),
(366, 'darunaharyanto', 'qmaulana@example.org', 'n%n3Ar6)10', 'SELLER', 'FALSE', '2025-01-20 16:15:59', '2025-01-20 16:15:59'),
(367, 'qwaluyo', 'kenziehutagalung@example.net', '+_2*BVnr(d', 'SELLER', 'FALSE', '2025-01-14 18:08:32', '2025-01-14 18:08:32'),
(368, 'caturangga94', 'ausada@example.com', 'N#)20JGjm#', 'SELLER', 'FALSE', '2025-02-21 23:54:00', '2025-02-21 23:54:00'),
(369, 'baktiantomandala', 'andrianigading@example.com', 'l^6aIudk(0', 'SELLER', 'FALSE', '2025-01-11 11:49:18', '2025-01-11 11:49:18'),
(370, 'hariyahraditya', 'puput11@example.com', 'gqm5!XZc@6', 'SELLER', 'FALSE', '2025-02-26 12:03:33', '2025-02-26 12:03:33'),
(371, 'jindra61', 'pangestuzelda@example.org', 'U&C7XHiSy%', 'SELLER', 'TRUE', '2025-02-17 19:42:55', '2025-02-17 19:42:55'),
(372, 'abyasawinarno', 'faridakurnia@example.org', '0(B1$W%iu$', 'SELLER', 'FALSE', '2025-02-13 02:44:37', '2025-02-13 02:44:37'),
(373, 'halima89', 'karimah08@example.net', '3m2z(M^OX!', 'SELLER', 'TRUE', '2025-01-15 23:11:18', '2025-01-15 23:11:18'),
(374, 'cgunawan', 'okto55@example.net', 'S&*Y3FWj_5', 'SELLER', 'FALSE', '2025-03-01 07:28:10', '2025-03-01 07:28:10'),
(375, 'xprastuti', 'usamahlanang@example.net', 'U^94J#jmY8', 'SELLER', 'FALSE', '2025-01-03 17:40:09', '2025-01-03 17:40:09'),
(376, 'hriyanti', 'heryanto67@example.net', '*3S^BVSeW#', 'SELLER', 'FALSE', '2025-03-01 20:10:44', '2025-03-01 20:10:44'),
(377, 'gambiramandasari', 'vhidayanto@example.com', '(j62OW%H#@', 'SELLER', 'TRUE', '2025-03-12 08:46:43', '2025-03-12 08:46:43'),
(378, 'pangestu76', 'suryatmimitra@example.net', 'H6OcFKvy*l', 'SELLER', 'FALSE', '2025-01-19 21:06:29', '2025-01-19 21:06:29'),
(379, 'harimurtifirmansyah', 'ejasitumorang@example.com', '&PDDZch(7A', 'SELLER', 'TRUE', '2025-02-16 11:50:13', '2025-02-16 11:50:13'),
(380, 'yogaojanirsyadrapid', 'papabilang@mail.ujiem.com', '1234ABCDslebew', 'SELLER', 'TRUE', '2025-03-14 20:27:30', '2025-03-14 20:27:30'),
(381, 'sabar78', 'hthamrin@example.net', '&fB5HbLa4T', 'SELLER', 'FALSE', '2025-01-23 20:36:26', '2025-01-23 20:36:26'),
(382, 'prabowotimbul', 'yhastuti@example.com', '+8TrioDzkJ', 'SELLER', 'TRUE', '2025-02-19 00:31:39', '2025-02-19 00:31:39'),
(383, 'galar28', 'vmaryati@example.com', 'f@87MDpz&&', 'SELLER', 'TRUE', '2025-01-31 02:55:46', '2025-01-31 02:55:46'),
(384, 'ulya42', 'pangestuprabowo@example.com', 'J8FFpw7f^l', 'SELLER', 'FALSE', '2025-01-16 01:09:14', '2025-01-16 01:09:14'),
(385, 'tina59', 'radenhardiansyah@example.net', '_dPNo!eD3x', 'SELLER', 'FALSE', '2025-01-30 18:22:49', '2025-01-30 18:22:49'),
(386, 'hidayantogarang', 'rahimahpuspa@example.org', '^9CzO5Dp$*', 'SELLER', 'FALSE', '2025-01-26 02:50:06', '2025-01-26 02:50:06'),
(387, 'ewastuti', 'uli51@example.com', 'TV2CepbI(%', 'SELLER', 'TRUE', '2025-01-01 06:54:55', '2025-01-01 06:54:55'),
(388, 'gwidiastuti', 'pardi76@example.org', 'Q(D8)V%sUQ', 'SELLER', 'FALSE', '2025-01-09 23:15:04', '2025-01-09 23:15:04'),
(389, 'lirawan', 'hardiansyahtimbul@example.net', 'Mr*7ZzVU8q', 'SELLER', 'TRUE', '2025-01-09 12:36:15', '2025-01-09 12:36:15'),
(390, 'nalartarihoran', 'yogalazuardi@example.net', '*8xEq&iLzO', 'SELLER', 'TRUE', '2025-01-10 21:12:38', '2025-01-10 21:12:38'),
(391, 'ukurniawan', 'maulanaicha@example.net', 'A+024B^w%s', 'SELLER', 'TRUE', '2025-02-10 05:58:25', '2025-02-10 05:58:25'),
(392, 'latikalailasari', 'ade12@example.net', 're373Hixb#', 'SELLER', 'TRUE', '2025-02-11 20:26:46', '2025-02-11 20:26:46'),
(393, 'ramadanibrani', 'kardi85@example.org', '!01xOBTbi@', 'SELLER', 'FALSE', '2025-03-03 06:26:51', '2025-03-03 06:26:51'),
(394, 'mila59', 'lalitafirmansyah@example.org', 'TD5RupRQI(', 'SELLER', 'TRUE', '2025-02-09 11:30:15', '2025-02-09 11:30:15'),
(395, 'vmarpaung', 'gwasita@example.org', 'g!fnE1AfM2', 'SELLER', 'FALSE', '2025-03-02 20:18:01', '2025-03-02 20:18:01'),
(396, 'bellawibisono', 'dadirajasa@example.com', '@e20+RXWt@', 'SELLER', 'TRUE', '2025-01-05 17:24:38', '2025-01-05 17:24:38'),
(397, 'wisnu26', 'narjisihombing@example.net', 'fHKs2Wnf(t', 'SELLER', 'TRUE', '2025-03-09 22:00:13', '2025-03-09 22:00:13'),
(398, 'hasna09', 'rajasadarman@example.net', '#h2KIdf_$(', 'SELLER', 'FALSE', '2025-01-30 16:59:10', '2025-01-30 16:59:10'),
(399, 'lkuswoyo', 'lala89@example.net', '&5JeOia%Z&', 'SELLER', 'TRUE', '2025-03-01 08:43:38', '2025-03-01 08:43:38'),
(400, 'yancefarida', 'jagaraga27@example.com', '2i&34Bvl(4', 'SELLER', 'TRUE', '2025-02-15 01:43:37', '2025-02-15 01:43:37');
INSERT INTO `users` (`user_id`, `username`, `email`, `password`, `role`, `is_verified`, `created_at`, `updated_at`) VALUES
(401, 'purnawatikayun', 'asinaga@example.org', 'm!j$m9GvnO', 'BUYER', 'FALSE', '2025-02-03 00:26:27', '2025-02-03 00:26:27'),
(402, 'prabowo86', 'olgaprayoga@example.com', '%(eW1uQrxP', 'BUYER', 'FALSE', '2025-03-06 22:37:09', '2025-03-06 22:37:09'),
(403, 'setiawankarja', 'dnasyidah@example.com', '6oHSKuFx+z', 'BUYER', 'TRUE', '2025-02-11 02:55:22', '2025-02-11 02:55:22'),
(404, 'ghaliyatipermadi', 'pia80@example.com', 'c7QKNZR1!G', 'BUYER', 'TRUE', '2025-02-09 11:41:48', '2025-02-09 11:41:48'),
(405, 'rini30', 'saputrawage@example.com', 'YFZ95A0ae^', 'BUYER', 'FALSE', '2025-01-08 20:15:38', '2025-01-08 20:15:38'),
(406, 'safitriaditya', 'cemplunksuartini@example.net', '1$__wUdt&n', 'BUYER', 'TRUE', '2025-03-02 05:19:18', '2025-03-02 05:19:18'),
(407, 'gunawanibrani', 'najmudinmarsudi@example.org', 'b&6BNrwE#5', 'BUYER', 'TRUE', '2025-02-06 19:43:58', '2025-02-06 19:43:58'),
(408, 'cindyfujiati', 'dongorannadine@example.net', '_HA7FEech3', 'BUYER', 'FALSE', '2025-02-03 22:22:30', '2025-02-03 22:22:30'),
(409, 'amardhiyah', 'wulandarinajam@example.org', 'Bo65K3@oG%', 'BUYER', 'FALSE', '2025-02-13 19:31:42', '2025-02-13 19:31:42'),
(410, 'kurniawanluis', 'elvina29@example.org', '9O6MXnaC)$', 'BUYER', 'TRUE', '2025-03-07 00:21:53', '2025-03-07 00:21:53'),
(411, 'hafshah23', 'najamwacana@example.net', 'Ty7njR+O(1', 'BUYER', 'FALSE', '2025-02-21 17:45:48', '2025-02-21 17:45:48'),
(412, 'kanda55', 'ywidiastuti@example.org', '80!)9Q7zfM', 'BUYER', 'TRUE', '2025-02-12 01:47:37', '2025-02-12 01:47:37'),
(413, 'firmansyahsepti', 'diah95@example.net', 'gge3#V1vC_', 'BUYER', 'FALSE', '2025-01-15 09:07:51', '2025-01-15 09:07:51'),
(414, 'jumari58', 'asirwandatarihoran@example.net', '_zksxXx#3M', 'BUYER', 'TRUE', '2025-02-22 20:49:46', '2025-02-22 20:49:46'),
(415, 'purnawatikalim', 'mhassanah@example.com', 'jA1PumCc!9', 'BUYER', 'TRUE', '2025-01-11 04:04:35', '2025-01-11 04:04:35'),
(416, 'opung64', 'nmegantara@example.org', '08Itsub3@$', 'BUYER', 'FALSE', '2025-03-02 07:06:51', '2025-03-02 07:06:51'),
(417, 'csamosir', 'sidiqpranowo@example.com', '1!mh#2QfZK', 'BUYER', 'FALSE', '2025-01-30 07:27:27', '2025-01-30 07:27:27'),
(418, 'sihombinganggabaya', 'utamamaryadi@example.org', 'Z6YAUFNj%w', 'BUYER', 'FALSE', '2025-02-26 14:50:31', '2025-02-26 14:50:31'),
(419, 'sudiatiumar', 'pputra@example.com', '&6mt8JrFMi', 'BUYER', 'FALSE', '2025-02-27 14:18:30', '2025-02-27 14:18:30'),
(420, 'kaniamelani', 'darmanasantoso@example.org', '4q0PJ@bw%m', 'BUYER', 'FALSE', '2025-02-01 17:05:10', '2025-02-01 17:05:10'),
(421, 'hutagalunggandi', 'cahyono81@example.org', ')+AHgk@MB2', 'BUYER', 'FALSE', '2025-02-05 10:30:26', '2025-02-05 10:30:26'),
(422, 'gpangestu', 'hartatiicha@example.net', 'k+1&HLeV%4', 'BUYER', 'FALSE', '2025-03-09 06:02:18', '2025-03-09 06:02:18'),
(423, 'samosirdacin', 'lutfanmaryadi@example.org', 'bk3uSntsI_', 'BUYER', 'FALSE', '2025-02-25 22:31:29', '2025-02-25 22:31:29'),
(424, 'gilangmanullang', 'devimaryati@example.com', '&nBzYWshi9', 'BUYER', 'FALSE', '2025-01-23 22:12:49', '2025-01-23 22:12:49'),
(425, 'zulkarnainvanya', 'usyihakim@example.net', 'sUu8MedDY!', 'BUYER', 'FALSE', '2025-01-10 19:50:53', '2025-01-10 19:50:53'),
(426, 'iwaluyo', 'mangunsongrahayu@example.org', '5Z!14Fub+U', 'BUYER', 'FALSE', '2025-02-23 09:16:15', '2025-02-23 09:16:15'),
(427, 'prasastacawuk', 'jailaniajimat@example.org', 'h6UGMqof^1', 'BUYER', 'TRUE', '2025-01-12 19:39:32', '2025-01-12 19:39:32'),
(428, 'shabibi', 'wijayavanya@example.org', '#fK#xJV3q0', 'BUYER', 'TRUE', '2025-02-04 16:25:53', '2025-02-04 16:25:53'),
(429, 'yulianticlara', 'vinsennajmudin@example.com', '&h5R2+4ga_', 'BUYER', 'TRUE', '2025-01-06 20:07:51', '2025-01-06 20:07:51'),
(430, 'laswi73', 'mustofawacana@example.com', 'K0RLf^bN(O', 'BUYER', 'FALSE', '2025-03-12 02:20:21', '2025-03-12 02:20:21'),
(431, 'hartanawaluyo', 'bajragin36@example.org', '_8AXue5eX1', 'BUYER', 'TRUE', '2025-01-17 23:29:21', '2025-01-17 23:29:21'),
(432, 'nashiruddinindra', 'asimbolon@example.net', '(346FUfEpe', 'BUYER', 'TRUE', '2025-03-03 01:30:26', '2025-03-03 01:30:26'),
(433, 'suci92', 'maryatiheryanto@example.com', 'dPij5@Am)^', 'BUYER', 'FALSE', '2025-01-03 05:25:20', '2025-01-03 05:25:20'),
(434, 'bajraginmaulana', 'gamansetiawan@example.org', 'I2GXWrXL(h', 'BUYER', 'TRUE', '2025-01-09 10:50:36', '2025-01-09 10:50:36'),
(435, 'dalionomaheswara', 'fdongoran@example.com', '_Z6VXYglK7', 'BUYER', 'FALSE', '2025-01-13 08:48:44', '2025-01-13 08:48:44'),
(436, 'samiah51', 'kurniawanhendri@example.org', '*kNA)xkRK0', 'BUYER', 'FALSE', '2025-01-05 11:08:37', '2025-01-05 11:08:37'),
(437, 'zlailasari', 'daruna53@example.net', 'Ad5H^ERe^L', 'BUYER', 'TRUE', '2025-01-10 15:30:54', '2025-01-10 15:30:54'),
(438, 'uhandayani', 'muhammadpermata@example.org', 'cGw0T7np7%', 'BUYER', 'FALSE', '2025-01-04 01:24:51', '2025-01-04 01:24:51'),
(439, 'syahrini71', 'lalaharyanti@example.org', 'r)Z0mI6rDj', 'BUYER', 'FALSE', '2025-03-07 02:21:30', '2025-03-07 02:21:30'),
(440, 'hutagalungani', 'purwantohalim@example.net', '@y2+^E)cCZ', 'BUYER', 'TRUE', '2025-03-05 07:53:13', '2025-03-05 07:53:13'),
(441, 'yulianamelani', 'tsafitri@example.net', 'THt0BsDvm_', 'BUYER', 'FALSE', '2025-02-01 03:53:56', '2025-02-01 03:53:56'),
(442, 'bala70', 'irawanunggul@example.com', '8BMYs47+$a', 'BUYER', 'FALSE', '2025-02-11 09:20:02', '2025-02-11 09:20:02'),
(443, 'anikuswoyo', 'claksmiwati@example.com', '(&1&D+p0F+', 'BUYER', 'FALSE', '2025-01-22 22:22:13', '2025-01-22 22:22:13'),
(444, 'ejasinaga', 'labuh95@example.com', '#+9yA*Du2E', 'BUYER', 'TRUE', '2025-01-13 12:42:25', '2025-01-13 12:42:25'),
(445, 'dfirmansyah', 'gsiregar@example.com', '(B69YM%xU!', 'BUYER', 'FALSE', '2025-02-10 23:02:36', '2025-02-10 23:02:36'),
(446, 'najibfirmansyah', 'mulyanigandi@example.org', '0U+Wl9Bjs%', 'BUYER', 'TRUE', '2025-03-07 06:47:17', '2025-03-07 06:47:17'),
(447, 'rudiagustina', 'estiawaniswahyudi@example.org', 'RDL7PKun0!', 'BUYER', 'FALSE', '2025-03-10 21:16:56', '2025-03-10 21:16:56'),
(448, 'aminurdiyanti', 'himawan59@example.net', '@1q5Upv7**', 'BUYER', 'TRUE', '2025-03-02 00:59:19', '2025-03-02 00:59:19'),
(449, 'evasuartini', 'lasmantosalahudin@example.org', '&C&a_#sN!9', 'BUYER', 'TRUE', '2025-03-12 18:53:16', '2025-03-12 18:53:16'),
(450, 'lamarwasita', 'emplukmarbun@example.org', '+0QgjKi_+h', 'BUYER', 'FALSE', '2025-02-06 08:40:23', '2025-02-06 08:40:23'),
(451, 'jamaliamandasari', 'jasmani00@example.com', 'YTjXQgG1!1', 'BUYER', 'TRUE', '2025-01-12 01:42:28', '2025-01-12 01:42:28'),
(452, 'tedi57', 'alambana98@example.org', '#7NVpT(SXd', 'BUYER', 'TRUE', '2025-01-29 06:35:03', '2025-01-29 06:35:03'),
(453, 'cmayasari', 'kusumasafitri@example.org', 'IctogLld%4', 'BUYER', 'TRUE', '2025-02-16 23:25:30', '2025-02-16 23:25:30'),
(455, 'perkasanuraini', 'pertiwibella@example.com', 'I&j+5ZOi3$', 'BUYER', 'TRUE', '2025-02-28 04:55:16', '2025-02-28 04:55:16'),
(456, 'padmautama', 'cager19@example.org', 'IFdNpJU1*2', 'BUYER', 'FALSE', '2025-01-26 18:12:56', '2025-01-26 18:12:56'),
(457, 'nagustina', 'nashiruddinshania@example.com', '@0)_8WQxM_', 'BUYER', 'TRUE', '2025-03-01 19:59:32', '2025-03-01 19:59:32'),
(458, 'siregarjagapati', 'dnashiruddin@example.org', '7wIrDHkb+Q', 'BUYER', 'FALSE', '2025-01-06 10:59:48', '2025-01-06 10:59:48'),
(459, 'irmamegantara', 'januarjamil@example.org', 'cn@@!6DiI7', 'BUYER', 'FALSE', '2025-01-27 00:12:31', '2025-01-27 00:12:31'),
(460, 'gaman69', 'umar63@example.org', 'SCN$4IqU&h', 'BUYER', 'TRUE', '2025-03-09 15:15:49', '2025-03-09 15:15:49'),
(461, 'enainggolan', 'paiman66@example.org', '@vP5Nrps82', 'BUYER', 'FALSE', '2025-02-10 03:47:45', '2025-02-10 03:47:45'),
(462, 'aramadan', 'ibun19@example.net', 'nZ^97H9sIm', 'BUYER', 'TRUE', '2025-01-07 06:08:12', '2025-01-07 06:08:12'),
(463, 'caturmanullang', 'widiastutidevi@example.net', '+KoRXyVC9&', 'BUYER', 'TRUE', '2025-02-22 15:43:30', '2025-02-22 15:43:30'),
(464, 'gamanto26', 'bakiman67@example.com', 'qUsO9RQa^_', 'BUYER', 'TRUE', '2025-01-11 22:22:04', '2025-01-11 22:22:04'),
(465, 'ismail32', 'warsa71@example.com', '$2RsQujt&u', 'BUYER', 'TRUE', '2025-02-27 21:08:50', '2025-02-27 21:08:50'),
(466, 'gunawangalar', 'ksihombing@example.net', 'yJ)8THiuPu', 'BUYER', 'FALSE', '2025-01-04 09:58:10', '2025-01-04 09:58:10'),
(467, 'mayahidayat', 'okta51@example.com', 'Nq5)2St_m_', 'BUYER', 'TRUE', '2025-01-23 13:54:34', '2025-01-23 13:54:34'),
(468, 'wriyanti', 'pudjiastutidodo@example.net', 'T6pA0PgJ$n', 'BUYER', 'FALSE', '2025-01-08 01:17:53', '2025-01-08 01:17:53'),
(469, 'hariyahparis', 'digdaya32@example.org', '!8BCBicqr3', 'BUYER', 'FALSE', '2025-01-25 12:32:35', '2025-01-25 12:32:35'),
(470, 'pangestumanah', 'manullangellis@example.net', '39LNq8Ti)k', 'BUYER', 'TRUE', '2025-01-12 08:58:36', '2025-01-12 08:58:36'),
(471, 'sirawan', 'ginawasita@example.net', 'm)k87LJf+j', 'BUYER', 'TRUE', '2025-01-12 04:42:05', '2025-01-12 04:42:05'),
(472, 'rmandala', 'januarchandra@example.net', 'x0G7ASuFx@', 'BUYER', 'TRUE', '2025-01-14 12:00:36', '2025-01-14 12:00:36'),
(473, 'maheswaradadi', 'wibisonozamira@example.org', 'Lxw^8KBrtx', 'BUYER', 'TRUE', '2025-01-02 20:55:08', '2025-01-02 20:55:08'),
(474, 'zaenab95', 'garda59@example.net', 'P#i0Ipo*%m', 'BUYER', 'TRUE', '2025-02-16 20:28:16', '2025-02-16 20:28:16'),
(475, 'rsaptono', 'cakrabuanapranowo@example.com', '8n25U)d9_0', 'BUYER', 'TRUE', '2025-01-03 13:21:02', '2025-01-03 13:21:02'),
(476, 'dalima15', 'rahayugasti@example.com', 'M_7r3Ys&u*', 'BUYER', 'FALSE', '2025-01-05 10:56:37', '2025-01-05 10:56:37'),
(477, 'hadi04', 'susantikadir@example.org', 'dfEnLYQ7%0', 'BUYER', 'TRUE', '2025-02-23 23:58:05', '2025-02-23 23:58:05'),
(478, 'ewijayanti', 'harsantoharyanti@example.net', '4qbGc*t@(K', 'BUYER', 'TRUE', '2025-03-05 14:56:05', '2025-03-05 14:56:05'),
(479, 'lpuspita', 'kadir63@example.com', 't&7&k5Qm83', 'BUYER', 'FALSE', '2025-01-24 12:03:08', '2025-01-24 12:03:08'),
(480, 'vmardhiyah', 'lfarida@example.org', '+5iEpHy3tK', 'BUYER', 'TRUE', '2025-02-28 23:55:24', '2025-02-28 23:55:24'),
(481, 'riyantijarwa', 'elvinawijayanti@example.com', 'IAR7DeZf@+', 'BUYER', 'FALSE', '2025-02-01 04:07:56', '2025-02-01 04:07:56'),
(482, 'wasitasalsabila', 'caturwijaya@example.org', 'm^0eC5kbot', 'BUYER', 'FALSE', '2025-03-02 12:43:56', '2025-03-02 12:43:56'),
(483, 'gmarpaung', 'oharyanto@example.org', 'K(6HO$%lu@', 'BUYER', 'FALSE', '2025-01-26 05:00:51', '2025-01-26 05:00:51'),
(484, 'mahfud22', 'mputra@example.com', 'U!8GY*p%Sn', 'BUYER', 'FALSE', '2025-01-17 21:57:38', '2025-01-17 21:57:38'),
(485, 'claksita', 'purnawatigaiman@example.com', '90ktj8Iur!', 'BUYER', 'TRUE', '2025-02-13 15:10:02', '2025-02-13 15:10:02'),
(486, 'qsusanti', 'karjadongoran@example.org', 'vGX1RHDk*&', 'BUYER', 'FALSE', '2025-02-18 09:29:35', '2025-02-18 09:29:35'),
(487, 'wulandariviktor', 'kriyanti@example.org', '*3aJGycc6n', 'BUYER', 'FALSE', '2025-03-12 23:15:40', '2025-03-12 23:15:40'),
(488, 'radenprabowo', 'usmanandriani@example.org', 'O4oA9dtg)R', 'BUYER', 'TRUE', '2025-01-19 23:32:57', '2025-01-19 23:32:57'),
(489, 'dodo23', 'hdongoran@example.net', 'TnK1HLXd8@', 'BUYER', 'FALSE', '2025-02-23 14:06:40', '2025-02-23 14:06:40'),
(490, 'wmandasari', 'anggriawanbahuwarna@example.org', 'Yh+Ub5Ha!@', 'BUYER', 'TRUE', '2025-02-23 22:13:57', '2025-02-23 22:13:57'),
(491, 'lutfanriyanti', 'drajatrajata@example.org', '37GexPEC$x', 'BUYER', 'FALSE', '2025-02-19 22:50:15', '2025-02-19 22:50:15'),
(492, 'ilailasari', 'bambang15@example.net', 'np8WGnfs#3', 'BUYER', 'TRUE', '2025-02-21 08:12:20', '2025-02-21 08:12:20'),
(493, 'saragihlamar', 'vwaskita@example.org', '@JTOUUi3q3', 'BUYER', 'FALSE', '2025-02-27 00:39:32', '2025-02-27 00:39:32'),
(494, 'juliayulianti', 'anggriawanprayitna@example.com', 'zR^0JrbgJC', 'BUYER', 'TRUE', '2025-01-02 21:08:43', '2025-01-02 21:08:43'),
(495, 'victoria63', 'gadingsaptono@example.net', 'SC9h78kM%$', 'BUYER', 'FALSE', '2025-02-08 18:54:29', '2025-02-08 18:54:29'),
(496, 'viktorsitumorang', 'uwaishana@example.com', '(R&7(IhL%)', 'BUYER', 'TRUE', '2025-02-13 07:19:20', '2025-02-13 07:19:20'),
(497, 'hsuryono', 'kokofirmansyah@example.net', 'j!4Gub_Y4D', 'BUYER', 'TRUE', '2025-02-15 19:08:01', '2025-02-15 19:08:01'),
(498, 'mayasarinajwa', 'trisuryatmi@example.org', 'w$#NwmyE$2', 'BUYER', 'TRUE', '2025-03-12 19:23:58', '2025-03-12 19:23:58'),
(499, 'dnovitasari', 'ppurwanti@example.org', 'c!xW28Dqt(', 'BUYER', 'TRUE', '2025-02-03 12:00:59', '2025-02-03 12:00:59'),
(500, 'gsiregar', 'cmayasari@example.com', 'Z!f!71RCMu', 'BUYER', 'TRUE', '2025-03-08 15:31:17', '2025-03-08 15:31:17'),
(501, 'uliaryani', 'ajimanbudiyanto@example.com', '(IQ61kGXn5', 'BUYER', 'TRUE', '2025-01-19 16:48:24', '2025-01-19 16:48:24'),
(502, 'prabu97', 'mharyanti@example.org', 'vr+Xwmw0)7', 'BUYER', 'FALSE', '2025-01-16 10:03:18', '2025-01-16 10:03:18'),
(503, 'dabukkeatma', 'jefrimandala@example.org', 'V$nS@5VlWu', 'BUYER', 'FALSE', '2025-03-03 07:15:25', '2025-03-03 07:15:25'),
(504, 'darijanuwais', 'hadisafitri@example.net', '!C0E#TEg2W', 'BUYER', 'FALSE', '2025-02-21 09:22:46', '2025-02-21 09:22:46'),
(505, 'endah41', 'pratiwimakuta@example.org', 'l)1b9Jzg2$', 'BUYER', 'FALSE', '2025-02-04 00:19:37', '2025-02-04 00:19:37'),
(506, 'salmanuyainah', 'kusumojessica@example.com', '%lC%afSx#7', 'BUYER', 'FALSE', '2025-01-08 08:32:24', '2025-01-08 08:32:24'),
(507, 'samsulkuswoyo', 'dardianto@example.org', '@2BdjA97NY', 'BUYER', 'TRUE', '2025-03-05 22:34:21', '2025-03-05 22:34:21'),
(508, 'tambazaenab', 'laksmiwatibalidin@example.net', '5rkd^Uax$e', 'BUYER', 'TRUE', '2025-01-17 12:14:14', '2025-01-17 12:14:14'),
(509, 'brahimah', 'ranggasiregar@example.net', '^wdIziTNz2', 'BUYER', 'TRUE', '2025-02-16 17:48:53', '2025-02-16 17:48:53'),
(510, 'jpratama', 'elma10@example.com', 'S)9CB9c%^7', 'BUYER', 'FALSE', '2025-03-03 22:24:24', '2025-03-03 22:24:24'),
(511, 'maulanakairav', 'hgunarto@example.org', '!#YDhU#om5', 'BUYER', 'TRUE', '2025-02-22 18:54:09', '2025-02-22 18:54:09'),
(512, 'taufan40', 'qlestari@example.net', 'z+*27aJemq', 'BUYER', 'TRUE', '2025-01-24 11:28:05', '2025-01-24 11:28:05'),
(513, 'juli89', 'permadiputri@example.org', ')15J$5y_v$', 'BUYER', 'FALSE', '2025-02-26 16:38:06', '2025-02-26 16:38:06'),
(514, 'laksitayono', 'prabowoira@example.net', '&@Fgu6Lyt4', 'BUYER', 'TRUE', '2025-02-10 08:27:44', '2025-02-10 08:27:44'),
(515, 'amonghasanah', 'permatayusuf@example.org', '*9OhLwWiP5', 'BUYER', 'FALSE', '2025-03-09 04:36:29', '2025-03-09 04:36:29'),
(516, 'gadangandriani', 'galak52@example.net', 'h4hAJSzs^2', 'BUYER', 'TRUE', '2025-01-14 16:00:23', '2025-01-14 16:00:23'),
(517, 'edimandasari', 'surya64@example.net', 'Uk^4CgIMY)', 'BUYER', 'FALSE', '2025-03-07 15:38:37', '2025-03-07 15:38:37'),
(518, 'jharyanti', 'manullangmulyanto@example.com', 't63)4E5p^8', 'BUYER', 'FALSE', '2025-02-16 09:21:57', '2025-02-16 09:21:57'),
(519, 'tina03', 'emanyolanda@example.com', '9$UKy9Kp(R', 'BUYER', 'FALSE', '2025-02-08 19:59:35', '2025-02-08 19:59:35'),
(520, 'opurnawati', 'emong27@example.com', 's2GUfhhw&f', 'BUYER', 'FALSE', '2025-02-19 10:55:58', '2025-02-19 10:55:58'),
(521, 'xpangestu', 'ksaputra@example.org', '2L6VhK4J(0', 'BUYER', 'FALSE', '2025-03-07 20:37:13', '2025-03-07 20:37:13'),
(522, 'dewi11', 'najmudinrendy@example.net', 'C#Cr1SrxZs', 'BUYER', 'FALSE', '2025-01-26 04:17:51', '2025-01-26 04:17:51'),
(523, 'lukmanharyanto', 'malahalimah@example.org', '*%2Vqgoz4k', 'BUYER', 'FALSE', '2025-02-24 17:08:27', '2025-02-24 17:08:27'),
(524, 'unggul38', 'waskitaasmianto@example.com', 'INp4#!IiG+', 'BUYER', 'TRUE', '2025-01-07 19:51:43', '2025-01-07 19:51:43'),
(525, 'violetiswahyudi', 'jaswadinurdiyanti@example.com', 'wj8cZSgt&4', 'BUYER', 'TRUE', '2025-01-30 02:47:07', '2025-01-30 02:47:07'),
(526, 'elonwaskita', 'dartono66@example.net', '+1Yy8Py)tg', 'BUYER', 'FALSE', '2025-03-01 13:17:45', '2025-03-01 13:17:45'),
(527, 'gadang84', 'dinarajata@example.net', '_QH(9Xt2#M', 'BUYER', 'TRUE', '2025-01-06 15:34:10', '2025-01-06 15:34:10'),
(528, 'malikawibowo', 'anggabayasaptono@example.com', '8G1GYyCd%W', 'BUYER', 'FALSE', '2025-02-01 12:04:01', '2025-02-01 12:04:01'),
(529, 'gnainggolan', 'sitihartati@example.net', '#vf4MXOhv4', 'BUYER', 'TRUE', '2025-02-24 12:54:17', '2025-02-24 12:54:17'),
(530, 'kairav28', 'lasmono43@example.net', '1^4ZP))t_+', 'BUYER', 'FALSE', '2025-01-21 17:08:29', '2025-01-21 17:08:29'),
(531, 'caraka09', 'keisha09@example.com', '3_pk242nBX', 'BUYER', 'TRUE', '2025-03-02 13:56:42', '2025-03-02 13:56:42'),
(532, 'natsirlaswi', 'salwawahyudin@example.com', '$&I2A4fvRM', 'BUYER', 'TRUE', '2025-02-16 22:34:13', '2025-02-16 22:34:13'),
(533, 'humairathamrin', 'ahandayani@example.net', 'Qd6!kEzx$I', 'BUYER', 'TRUE', '2025-01-13 23:51:19', '2025-01-13 23:51:19'),
(534, 'cahyadisuryatmi', 'sinagarahmat@example.com', 'txMsddI1t)', 'BUYER', 'TRUE', '2025-02-01 12:43:20', '2025-02-01 12:43:20'),
(535, 'purwanababan', 'ellapradipta@example.com', 'i%*DZ5TqSj', 'BUYER', 'FALSE', '2025-01-30 03:48:17', '2025-01-30 03:48:17'),
(536, 'sitorusdaliono', 'fathonah46@example.com', '+mkYQ5UkiL', 'BUYER', 'TRUE', '2025-02-21 07:42:24', '2025-02-21 07:42:24'),
(537, 'putipranowo', 'permatapandu@example.net', 'B55VU75t*$', 'BUYER', 'TRUE', '2025-02-07 00:53:11', '2025-02-07 00:53:11'),
(538, 'upikfarida', 'jsitumorang@example.com', 'kF_2Jwa!74', 'BUYER', 'FALSE', '2025-01-29 12:27:42', '2025-01-29 12:27:42'),
(539, 'mfarida', 'margana53@example.net', 'p(MjDEjh(6', 'BUYER', 'TRUE', '2025-02-03 05:46:02', '2025-02-03 05:46:02'),
(540, 'ifamahendra', 'safitriwani@example.net', '(pJhQI7z6z', 'BUYER', 'FALSE', '2025-03-06 06:29:51', '2025-03-06 06:29:51'),
(541, 'lidyamaryati', 'opansusanti@example.net', 'I+a^6SyqH)', 'BUYER', 'FALSE', '2025-01-31 03:17:10', '2025-01-31 03:17:10'),
(542, 'omahendra', 'mahfudhasanah@example.com', '+ZB&vxws84', 'BUYER', 'FALSE', '2025-03-06 20:17:36', '2025-03-06 20:17:36'),
(543, 'waluyo15', 'puspasarinyoman@example.com', 'hYPf)qzJ_0', 'BUYER', 'FALSE', '2025-01-16 00:45:47', '2025-01-16 00:45:47'),
(544, 'autama', 'fitria39@example.net', '00sTOpPx!5', 'BUYER', 'FALSE', '2025-01-16 08:37:45', '2025-01-16 08:37:45'),
(545, 'manah81', 'harjo93@example.org', 'PhPBwwr0*0', 'BUYER', 'FALSE', '2025-01-30 23:22:17', '2025-01-30 23:22:17'),
(546, 'mulyonoputra', 'sadina28@example.com', '_Y64Iftm*x', 'BUYER', 'FALSE', '2025-01-14 10:50:12', '2025-01-14 10:50:12'),
(547, 'darmanto46', 'almiramegantara@example.org', 'e34v8qBf!k', 'BUYER', 'FALSE', '2025-01-02 12:14:17', '2025-01-02 12:14:17'),
(548, 'umi19', 'vanya69@example.com', 'dPXRrO_L$5', 'BUYER', 'TRUE', '2025-02-16 21:28:56', '2025-02-16 21:28:56'),
(549, 'jasmani28', 'dinda04@example.org', '*5WsBbKprS', 'BUYER', 'TRUE', '2025-01-07 15:14:51', '2025-01-07 15:14:51'),
(550, 'muhammad16', 'banarapuspita@example.net', 'md3RBJG%^)', 'BUYER', 'TRUE', '2025-01-06 03:36:43', '2025-01-06 03:36:43'),
(551, 'wnovitasari', 'mkusumo@example.com', 'kDWhH5(L(8', 'BUYER', 'TRUE', '2025-01-31 00:18:10', '2025-01-31 00:18:10'),
(552, 'zulfamanullang', 'gantar64@example.com', 'G(2P%B0Jab', 'BUYER', 'TRUE', '2025-01-06 07:06:44', '2025-01-06 07:06:44'),
(553, 'cemanigunarto', 'sitompulbanawi@example.com', 'Id&9Ws6tE*', 'BUYER', 'TRUE', '2025-02-16 12:00:41', '2025-02-16 12:00:41'),
(554, 'swibisono', 'zulaikhamaryati@example.org', '+jOn%tTEt1', 'BUYER', 'TRUE', '2025-02-12 00:59:26', '2025-02-12 00:59:26'),
(555, 'eja65', 'marsudiandriani@example.com', '8GbVhi#V%%', 'BUYER', 'FALSE', '2025-01-05 23:14:25', '2025-01-05 23:14:25'),
(556, 'ratih28', 'timbul04@example.net', '&3v8UHRg)&', 'BUYER', 'TRUE', '2025-01-09 15:50:40', '2025-01-09 15:50:40'),
(557, 'phandayani', 'ogunawan@example.com', '^07q8Zl&@5', 'BUYER', 'TRUE', '2025-03-10 06:33:12', '2025-03-10 06:33:12'),
(558, 'skuswandari', 'wulandarimarwata@example.com', '*8qaJTiCYn', 'BUYER', 'FALSE', '2025-01-28 14:00:24', '2025-01-28 14:00:24'),
(559, 'onainggolan', 'sinagakariman@example.net', '&5rH$_szvI', 'BUYER', 'FALSE', '2025-02-25 03:16:34', '2025-02-25 03:16:34'),
(560, 'nugrohoharja', 'nugrohohardana@example.net', '#n63Ouo!Q)', 'BUYER', 'TRUE', '2025-02-21 23:11:42', '2025-02-21 23:11:42'),
(561, 'mursinin29', 'dmayasari@example.net', '5r@Dq4u%^B', 'BUYER', 'FALSE', '2025-02-24 04:22:11', '2025-02-24 04:22:11'),
(562, 'maryadisinaga', 'queen67@example.com', '^2e9NgWyFs', 'BUYER', 'TRUE', '2025-02-22 15:58:18', '2025-02-22 15:58:18'),
(563, 'zsetiawan', 'qkuswoyo@example.com', 'tP_!3JWj+H', 'BUYER', 'FALSE', '2025-02-05 23:19:27', '2025-02-05 23:19:27'),
(564, 'hutagalungwidya', 'mandalagamblang@example.org', 'LqAu4UoD^R', 'BUYER', 'TRUE', '2025-03-10 19:58:16', '2025-03-10 19:58:16'),
(565, 'wpuspasari', 'safitrigadang@example.org', '0N!c3Rnjgw', 'BUYER', 'FALSE', '2025-03-13 03:16:33', '2025-03-13 03:16:33'),
(566, 'anggrainiina', 'sabarprasasta@example.com', '&^1HylxJk2', 'BUYER', 'FALSE', '2025-02-18 03:23:52', '2025-02-18 03:23:52'),
(567, 'tribudiyanto', 'snugroho@example.org', '%r7ZJmy3Vz', 'BUYER', 'TRUE', '2025-03-01 07:04:47', '2025-03-01 07:04:47'),
(568, 'jamil77', 'farhunnisarahimah@example.com', '@zt8gWm1F+', 'BUYER', 'FALSE', '2025-01-27 00:27:09', '2025-01-27 00:27:09'),
(569, 'julia21', 'dsaragih@example.com', '+D3SZolqE0', 'BUYER', 'FALSE', '2025-01-06 21:49:18', '2025-01-06 21:49:18'),
(570, 'cakrawala08', 'budimanpraba@example.com', '1wDxbb5K+V', 'BUYER', 'TRUE', '2025-03-10 23:56:44', '2025-03-10 23:56:44'),
(571, 'bellapurwanti', 'nasyiahcatur@example.net', '#1@IK+r9lS', 'BUYER', 'FALSE', '2025-03-08 04:05:59', '2025-03-08 04:05:59'),
(572, 'qlaksita', 'asmadimarbun@example.net', '#8Thd4_xt*', 'BUYER', 'TRUE', '2025-01-13 16:54:04', '2025-01-13 16:54:04'),
(573, 'pranata28', 'wahyudinmaria@example.net', 'O9WyBZBA)^', 'BUYER', 'TRUE', '2025-02-02 16:18:37', '2025-02-02 16:18:37'),
(574, 'purnawatilukman', 'ynapitupulu@example.com', 'G79fHSSe&D', 'BUYER', 'FALSE', '2025-02-17 15:40:20', '2025-02-17 15:40:20'),
(575, 'kenzie54', 'prakasadarijan@example.org', 'p6@M$%Tt#!', 'BUYER', 'TRUE', '2025-02-13 07:25:12', '2025-02-13 07:25:12'),
(576, 'jagustina', 'cindywahyudin@example.com', 'w81Q5QdH+D', 'BUYER', 'TRUE', '2025-01-08 04:42:51', '2025-01-08 04:42:51'),
(577, 'winarsihsarah', 'nadia45@example.com', '&9LcCHUJWw', 'BUYER', 'TRUE', '2025-01-24 04:04:43', '2025-01-24 04:04:43'),
(578, 'timbul52', 'lazuardianita@example.net', '#ya6Hj+K+)', 'BUYER', 'TRUE', '2025-01-07 14:01:39', '2025-01-07 14:01:39'),
(579, 'sihotangputi', 'vanesa41@example.org', '!!7NYL8dGH', 'BUYER', 'TRUE', '2025-01-25 05:52:34', '2025-01-25 05:52:34'),
(580, 'hastutirangga', 'smaryati@example.net', 'X5CusM)E$y', 'BUYER', 'TRUE', '2025-02-08 03:49:29', '2025-02-08 03:49:29'),
(581, 'rsitompul', 'rezanugroho@example.org', '*UHFuL59s0', 'BUYER', 'FALSE', '2025-02-18 06:39:40', '2025-02-18 06:39:40'),
(582, 'lazuardiwage', 'safitripia@example.org', '8enL8CsT(V', 'BUYER', 'TRUE', '2025-01-26 17:03:40', '2025-01-26 17:03:40'),
(583, 'kasimhariyah', 'oktavianicecep@example.com', ')4a(EGyXJ9', 'BUYER', 'FALSE', '2025-03-10 02:49:17', '2025-03-10 02:49:17'),
(584, 'xwaskita', 'palastrimaman@example.net', 'AfEY1NAb_M', 'BUYER', 'TRUE', '2025-02-26 15:50:36', '2025-02-26 15:50:36'),
(585, 'eli87', 'caket47@example.com', 'cx2KV1iy+*', 'BUYER', 'FALSE', '2025-03-08 13:37:31', '2025-03-08 13:37:31'),
(586, 'nmanullang', 'hardanasudiati@example.com', '5ZAzul_L+m', 'BUYER', 'FALSE', '2025-01-16 06:40:09', '2025-01-16 06:40:09'),
(587, 'nadine87', 'firmansyahbalangga@example.org', '$0Gpjug33Y', 'BUYER', 'FALSE', '2025-03-02 19:06:15', '2025-03-02 19:06:15'),
(588, 'kariman66', 'xdamanik@example.net', '^3uj1HicNZ', 'BUYER', 'TRUE', '2025-02-01 01:54:39', '2025-02-01 01:54:39'),
(589, 'kalim70', 'warsa75@example.org', '+4HJzEh&^!', 'BUYER', 'TRUE', '2025-02-07 19:50:09', '2025-02-07 19:50:09'),
(590, 'opung00', 'ssaefullah@example.com', 'I6r2TTuOm+', 'BUYER', 'FALSE', '2025-01-16 22:54:54', '2025-01-16 22:54:54'),
(591, 'megantarawardaya', 'heryanto44@example.net', 's^2lZFbqLk', 'BUYER', 'TRUE', '2025-01-03 08:48:22', '2025-01-03 08:48:22'),
(592, 'pudjiastutibakiman', 'zsihotang@example.org', 'G9E)s7#3#&', 'BUYER', 'FALSE', '2025-02-13 16:27:21', '2025-02-13 16:27:21'),
(593, 'utamasantoso', 'lpratama@example.net', '#K6PoIZI%T', 'BUYER', 'FALSE', '2025-03-08 14:44:08', '2025-03-08 14:44:08'),
(594, 'emasaryani', 'rahmansaputra@example.net', 'Ga8TZSBgb%', 'BUYER', 'FALSE', '2025-01-01 15:28:52', '2025-01-01 15:28:52'),
(595, 'citranashiruddin', 'ghanikuswoyo@example.net', '07$2M7NwEk', 'BUYER', 'FALSE', '2025-01-13 02:44:42', '2025-01-13 02:44:42'),
(596, 'rahayuprabowo', 'vega17@example.com', '#Y!rxI8yF4', 'BUYER', 'FALSE', '2025-02-10 02:55:21', '2025-02-10 02:55:21'),
(597, 'danuja96', 'asmuni11@example.net', 'e7OfT1cO$m', 'BUYER', 'TRUE', '2025-02-14 10:03:41', '2025-02-14 10:03:41'),
(598, 'makutamulyani', 'daruna90@example.com', 'A5MpI%Qd&G', 'BUYER', 'FALSE', '2025-03-04 20:22:36', '2025-03-04 20:22:36'),
(599, 'ekoprayoga', 'asmiantonarpati@example.net', '*3Vwo(!^5f', 'BUYER', 'FALSE', '2025-01-05 06:19:07', '2025-01-05 06:19:07'),
(600, 'nyanawastuti', 'hlazuardi@example.net', '5#*0lS@zv_', 'BUYER', 'TRUE', '2025-01-07 07:19:20', '2025-01-07 07:19:20'),
(601, 'hardiansyahcengkal', 'kasim91@example.org', 'B3@N0#_w@e', 'BUYER', 'TRUE', '2025-02-28 00:19:59', '2025-02-28 00:19:59'),
(602, 'mutama', 'jinawikuswoyo@example.org', '$5IPCg4lS6', 'BUYER', 'FALSE', '2025-01-21 12:04:16', '2025-01-21 12:04:16'),
(603, 'galur26', 'rajasaparamita@example.org', '1+2WpCRw@H', 'BUYER', 'FALSE', '2025-01-22 02:09:26', '2025-01-22 02:09:26'),
(604, 'kusumogatot', 'saefullahwisnu@example.com', 'gLN4vNxUZ)', 'BUYER', 'FALSE', '2025-01-17 16:50:30', '2025-01-17 16:50:30'),
(605, 'iastuti', 'hagustina@example.com', '&0JX8BtaK*', 'BUYER', 'FALSE', '2025-02-27 03:03:47', '2025-02-27 03:03:47'),
(606, 'siregarsepti', 'kartikalestari@example.net', 'r3ItXlvD*n', 'BUYER', 'TRUE', '2025-02-16 01:48:20', '2025-02-16 01:48:20'),
(607, 'kairavfarida', 'andrianisaka@example.org', ')w!S4vJsR8', 'BUYER', 'FALSE', '2025-01-05 10:08:24', '2025-01-05 10:08:24'),
(608, 'epratiwi', 'baktiantoprasetyo@example.net', '(C!YU#fYc5', 'BUYER', 'FALSE', '2025-01-27 08:09:01', '2025-01-27 08:09:01'),
(609, 'qmaryadi', 'nsetiawan@example.net', 'R1Q@G8SvZ2', 'BUYER', 'FALSE', '2025-03-04 03:30:54', '2025-03-04 03:30:54'),
(610, 'putriputra', 'hassanahhasim@example.com', '^B9WBmGvPo', 'BUYER', 'TRUE', '2025-02-20 07:08:53', '2025-02-20 07:08:53'),
(611, 'umi66', 'habibimalik@example.org', '*0PsTbK6lb', 'BUYER', 'FALSE', '2025-01-20 01:34:41', '2025-01-20 01:34:41'),
(612, 'ratihnashiruddin', 'ardiantodipa@example.org', 'G&bY5UxL33', 'BUYER', 'TRUE', '2025-01-25 23:33:18', '2025-01-25 23:33:18'),
(613, 'nhidayanto', 'permatadina@example.com', 'W(&81sJgbV', 'BUYER', 'FALSE', '2025-02-02 01:54:29', '2025-02-02 01:54:29'),
(614, 'manullangmulya', 'rahayu31@example.com', 'a(F1TLaH5*', 'BUYER', 'TRUE', '2025-01-13 02:05:42', '2025-01-13 02:05:42'),
(615, 'haninurdiyanti', 'kandriani@example.net', '_&zAegk55Z', 'BUYER', 'FALSE', '2025-01-24 21:54:16', '2025-01-24 21:54:16'),
(616, 'melaniputri', 'gaimanastuti@example.net', '@4ZqoN^LVY', 'BUYER', 'FALSE', '2025-02-14 19:01:50', '2025-02-14 19:01:50'),
(617, 'knatsir', 'yuliantinatalia@example.com', '$xH5Mwa2)x', 'BUYER', 'FALSE', '2025-01-19 09:36:08', '2025-01-19 09:36:08'),
(618, 'samosirjanet', 'rajasajessica@example.com', ')Og9Ydot4E', 'BUYER', 'TRUE', '2025-01-01 09:24:14', '2025-01-01 09:24:14'),
(619, 'uwaisvanya', 'jatmiko06@example.org', 'ej3_GAyP%_', 'BUYER', 'TRUE', '2025-03-07 22:05:49', '2025-03-07 22:05:49'),
(620, 'wmandasari', 'prasetyomumpuni@example.net', 'S$4QDRgJZn', 'BUYER', 'FALSE', '2025-01-28 09:53:52', '2025-01-28 09:53:52'),
(621, 'uliuwais', 'ellawacana@example.net', '+G!JZAIl8_', 'BUYER', 'TRUE', '2025-01-31 02:14:22', '2025-01-31 02:14:22'),
(622, 'upertiwi', 'riyantiputri@example.net', '+F@23Mbrm%', 'BUYER', 'TRUE', '2025-03-01 19:26:59', '2025-03-01 19:26:59'),
(623, 'pwidiastuti', 'situmorangjasmin@example.org', 'p9ShnvO!)I', 'BUYER', 'FALSE', '2025-02-11 15:07:31', '2025-02-11 15:07:31'),
(624, 'farahpertiwi', 'maryadiabyasa@example.net', '*g+K1SNzVJ', 'BUYER', 'FALSE', '2025-01-01 18:53:26', '2025-01-01 18:53:26'),
(625, 'ohartati', 'haryantibella@example.com', '^45RKnwtOT', 'BUYER', 'FALSE', '2025-03-08 08:53:01', '2025-03-08 08:53:01'),
(626, 'halima08', 'laksmiwatisaadat@example.com', 'L1TDj5aX(B', 'BUYER', 'FALSE', '2025-01-29 10:30:23', '2025-01-29 10:30:23'),
(627, 'hidayatzelaya', 'salahudinulya@example.net', '1^iCoOya)7', 'BUYER', 'FALSE', '2025-03-01 15:32:38', '2025-03-01 15:32:38'),
(628, 'maidalailasari', 'zulaikha46@example.net', '_#7Yx2EI_P', 'BUYER', 'FALSE', '2025-02-05 05:26:51', '2025-02-05 05:26:51'),
(629, 'ahutagalung', 'wkusmawati@example.org', '37B0fv7l@d', 'BUYER', 'TRUE', '2025-02-08 17:38:35', '2025-02-08 17:38:35'),
(630, 'agussirait', 'kambali92@example.org', '+vAyjmBF98', 'BUYER', 'TRUE', '2025-03-07 03:50:46', '2025-03-07 03:50:46'),
(631, 'bwinarsih', 'ganjaran18@example.net', '89_Ux%zz^W', 'BUYER', 'TRUE', '2025-01-22 06:04:08', '2025-01-22 06:04:08'),
(632, 'emanullang', 'wastutikarsa@example.com', '!8Pe&Un+_*', 'BUYER', 'TRUE', '2025-01-13 00:25:58', '2025-01-13 00:25:58'),
(633, 'adityabudiyanto', 'tanialaksmiwati@example.org', '1#L32cw1&Z', 'BUYER', 'FALSE', '2025-02-14 23:00:02', '2025-02-14 23:00:02'),
(634, 'tnarpati', 'akarsana33@example.net', 'iVI5i4@vS&', 'BUYER', 'FALSE', '2025-02-22 09:45:05', '2025-02-22 09:45:05'),
(635, 'oninatsir', 'pudjiastutikacung@example.com', 'BKn@48Wm9I', 'BUYER', 'FALSE', '2025-02-25 12:43:16', '2025-02-25 12:43:16'),
(636, 'pradiptaian', 'paramita73@example.net', 'xe2Uslwg_(', 'BUYER', 'TRUE', '2025-01-26 09:24:52', '2025-01-26 09:24:52'),
(637, 'uprastuti', 'jaeman64@example.org', '%v^y3Ll@md', 'BUYER', 'FALSE', '2025-02-09 14:59:36', '2025-02-09 14:59:36'),
(638, 'janeutama', 'darsirahanggriawan@example.org', '(l*x)_Num2', 'BUYER', 'TRUE', '2025-01-27 15:12:55', '2025-01-27 15:12:55'),
(639, 'aurorahakim', 'foktaviani@example.com', 'mL1ATBvO()', 'BUYER', 'TRUE', '2025-02-14 14:02:08', '2025-02-14 14:02:08'),
(640, 'zein', 'gacor@gmail.com', '123', 'BUYER', 'TRUE', '2025-03-14 22:45:47', '2025-03-14 23:05:49'),
(641, 'zeinn', 'oke@gmail.com', '123', 'SELLER', 'TRUE', '2025-03-15 11:54:09', '2025-03-15 11:54:32'),
(642, 'givari', 'givari@mail.ui.ac.id', 'haha', 'BUYER', 'TRUE', '2025-03-16 00:33:44', '2025-03-16 00:34:12'),
(643, 'roki', 'roki', '123', 'SELLER', 'FALSE', '2025-03-16 00:56:18', '2025-03-16 00:56:18'),
(644, 'jaki', '123@gmail.com', '123', 'BUYER', 'TRUE', '2025-03-20 23:24:24', '2025-03-20 23:24:24'),
(645, 'ojan', 'ojangaming@gmail.com', '123', 'SELLER', 'TRUE', '2025-03-21 16:20:42', '2025-03-21 16:20:42');

-- --------------------------------------------------------

--
-- Table structure for table `wallets`
--

CREATE TABLE `wallets` (
  `wallet_id` int NOT NULL,
  `user_id` int NOT NULL,
  `balance` decimal(10,2) NOT NULL DEFAULT '0.00',
  `updated_at` datetime DEFAULT CURRENT_TIMESTAMP ON UPDATE CURRENT_TIMESTAMP
) ENGINE=InnoDB DEFAULT CHARSET=utf8mb4 COLLATE=utf8mb4_0900_ai_ci;

--
-- Dumping data for table `wallets`
--

INSERT INTO `wallets` (`wallet_id`, `user_id`, `balance`, `updated_at`) VALUES
(1, 1, '354047.79', '2025-03-08 00:47:52'),
(2, 2, '378838.86', '2025-01-30 19:02:11'),
(3, 3, '672701.63', '2025-03-09 23:52:07'),
(4, 4, '834608.08', '2025-03-24 04:58:50'),
(5, 5, '161345.22', '2025-02-24 08:31:55'),
(6, 6, '660174.79', '2025-03-01 19:04:07'),
(7, 7, '81142.66', '2025-01-26 04:15:59'),
(8, 8, '145052.12', '2025-02-20 12:39:01'),
(9, 9, '633128.19', '2025-03-05 00:32:53'),
(10, 10, '202683.82', '2025-02-09 10:48:30'),
(11, 11, '90442.66', '2025-01-12 04:29:27'),
(12, 12, '411875.97', '2025-03-03 14:33:24'),
(13, 13, '844065.05', '2025-03-09 06:28:39'),
(14, 14, '494754.54', '2025-02-16 22:26:09'),
(15, 15, '673130.39', '2025-02-25 04:04:03'),
(16, 16, '85366.18', '2025-02-08 19:58:40'),
(17, 17, '96631.51', '2025-03-11 11:53:02'),
(18, 18, '905629.45', '2025-01-03 22:42:04'),
(19, 19, '863550.63', '2025-02-27 17:11:28'),
(20, 20, '186709.63', '2025-02-20 19:18:21'),
(21, 21, '1009791.35', '2025-03-24 05:52:07'),
(22, 22, '509112.92', '2025-03-11 21:34:22'),
(23, 23, '621624.79', '2025-01-15 13:49:52'),
(24, 24, '25224.50', '2025-01-10 13:04:21'),
(25, 25, '874183.41', '2025-01-22 21:44:59'),
(26, 26, '889706.89', '2025-02-28 05:22:25'),
(27, 27, '528866.09', '2025-01-18 16:14:49'),
(28, 28, '903995.14', '2025-01-15 09:19:00'),
(29, 29, '807168.19', '2025-02-24 22:20:54'),
(30, 30, '325178.89', '2025-03-08 00:35:28'),
(31, 31, '599229.22', '2025-01-25 06:29:25'),
(32, 32, '594827.42', '2025-02-22 20:11:24'),
(33, 33, '16343.76', '2025-02-07 23:00:48'),
(34, 34, '831805.35', '2025-03-12 00:07:09'),
(35, 35, '942619.95', '2025-03-09 15:31:07'),
(36, 36, '227381.92', '2025-03-07 17:43:13'),
(37, 37, '1305031.29', '2025-03-24 04:58:50'),
(38, 38, '827447.03', '2025-03-03 14:37:00'),
(39, 39, '415264.58', '2025-02-09 18:51:25'),
(40, 40, '956851.06', '2025-03-13 04:05:15'),
(41, 41, '262926.23', '2025-01-20 11:57:38'),
(42, 42, '505998.63', '2025-03-05 20:10:28'),
(43, 43, '686759.83', '2025-01-22 20:50:38'),
(44, 44, '894218.35', '2025-02-04 04:08:59'),
(45, 45, '62115.79', '2025-02-05 23:24:34'),
(46, 46, '78935.83', '2025-01-02 14:00:10'),
(47, 47, '47164.13', '2025-02-20 09:57:52'),
(48, 48, '456335.49', '2025-02-13 00:40:29'),
(49, 49, '996865.79', '2025-01-13 04:05:13'),
(50, 50, '458687.39', '2025-01-04 19:14:39'),
(51, 51, '970945.91', '2025-03-01 20:34:06'),
(52, 52, '475932.64', '2025-02-23 16:17:06'),
(53, 53, '531447.31', '2025-01-29 17:45:05'),
(54, 54, '87903.20', '2025-02-06 04:48:32'),
(55, 55, '674704.97', '2025-01-02 23:21:14'),
(56, 56, '508405.28', '2025-01-11 19:06:58'),
(57, 57, '510301.99', '2025-02-02 09:42:39'),
(58, 58, '601983.55', '2025-01-13 04:57:45'),
(59, 59, '658011.21', '2025-01-13 00:59:20'),
(60, 60, '603882.75', '2025-01-13 10:08:32'),
(61, 61, '204080.64', '2025-03-10 20:32:49'),
(62, 62, '997803.15', '2025-01-31 01:55:33'),
(63, 63, '640960.55', '2025-01-26 18:04:41'),
(64, 64, '972294.19', '2025-01-30 04:10:22'),
(65, 65, '525905.88', '2025-01-28 05:29:23'),
(66, 66, '48307.50', '2025-01-26 16:41:29'),
(67, 67, '103949.94', '2025-01-21 01:20:40'),
(68, 68, '475610.18', '2025-01-31 07:17:06'),
(69, 69, '243077.59', '2025-02-24 15:05:46'),
(70, 70, '226300.42', '2025-01-25 19:45:21'),
(71, 71, '580450.54', '2025-02-01 22:59:51'),
(72, 72, '689054.32', '2025-02-05 16:34:39'),
(73, 73, '236470.58', '2025-02-03 16:36:30'),
(74, 74, '2572.51', '2025-02-24 19:03:58'),
(75, 75, '796149.48', '2025-01-11 15:47:01'),
(76, 76, '325054.94', '2025-02-08 03:37:30'),
(77, 77, '928167.37', '2025-02-22 12:49:37'),
(78, 78, '388955.26', '2025-02-19 13:49:50'),
(79, 79, '487953.29', '2025-02-13 04:30:31'),
(80, 80, '336003.36', '2025-01-08 08:39:22'),
(81, 81, '228972.47', '2025-01-15 07:43:06'),
(82, 82, '429267.02', '2025-02-17 23:03:55'),
(83, 83, '682666.43', '2025-03-01 14:03:31'),
(84, 84, '397280.80', '2025-01-05 05:50:28'),
(85, 85, '178813.99', '2025-01-17 23:01:42'),
(86, 86, '321571.64', '2025-01-17 20:55:58'),
(87, 87, '771193.73', '2025-02-04 12:04:03'),
(88, 88, '598634.35', '2025-03-10 14:12:00'),
(89, 89, '92942.94', '2025-03-05 23:46:21'),
(90, 90, '548951.75', '2025-03-01 18:08:43'),
(91, 91, '634222.42', '2025-03-16 00:52:16'),
(92, 92, '379701.88', '2025-02-27 14:32:09'),
(93, 93, '722505.36', '2025-02-12 03:08:59'),
(94, 94, '229427.33', '2025-02-13 13:55:59'),
(95, 95, '268693.31', '2025-01-24 12:54:19'),
(96, 96, '328414.11', '2025-02-06 12:29:41'),
(97, 97, '281178.45', '2025-01-16 02:13:16'),
(98, 98, '957783.50', '2025-01-28 01:07:17'),
(99, 99, '227188.47', '2025-02-14 20:48:31'),
(100, 100, '350394.77', '2025-03-02 03:35:06'),
(101, 101, '480593.02', '2025-03-23 15:51:41'),
(102, 102, '361175.38', '2025-02-13 13:10:28'),
(103, 103, '167817.31', '2025-01-26 06:13:18'),
(104, 104, '806230.58', '2025-01-02 04:35:53'),
(105, 105, '85934.47', '2025-03-12 12:04:25'),
(106, 106, '870336.06', '2025-01-21 04:41:55'),
(107, 107, '943991.80', '2025-02-20 10:08:34'),
(108, 108, '556757.97', '2025-03-07 17:41:28'),
(109, 109, '200601.19', '2025-01-21 09:18:23'),
(110, 110, '825178.15', '2025-01-02 22:31:24'),
(111, 111, '125863.95', '2025-01-07 03:01:35'),
(112, 112, '209251.43', '2025-02-04 07:14:40'),
(113, 113, '296660.85', '2025-01-19 14:44:10'),
(114, 114, '335653.95', '2025-01-25 21:19:15'),
(115, 115, '74853.05', '2025-02-19 15:52:46'),
(116, 116, '537941.85', '2025-02-04 14:21:30'),
(117, 117, '371870.60', '2025-02-12 15:04:00'),
(118, 118, '929874.69', '2025-02-20 00:43:46'),
(119, 119, '222712.38', '2025-01-31 15:07:24'),
(120, 120, '409631.87', '2025-02-16 23:24:22'),
(121, 121, '923306.68', '2025-02-09 15:03:44'),
(122, 122, '553658.63', '2025-02-11 01:38:33'),
(123, 123, '108245.68', '2025-03-10 20:30:44'),
(124, 124, '763897.63', '2025-01-30 13:40:45'),
(125, 125, '903652.48', '2025-02-01 02:22:19'),
(126, 126, '65173.59', '2025-03-08 14:45:41'),
(127, 127, '107252.40', '2025-01-05 01:02:18'),
(128, 128, '805471.50', '2025-01-01 12:23:14'),
(129, 129, '93955.48', '2025-01-08 19:14:35'),
(130, 130, '317754.10', '2025-01-31 08:19:29'),
(131, 131, '163128.53', '2025-01-07 13:55:41'),
(132, 132, '74889.19', '2025-03-01 05:27:14'),
(133, 133, '220066.87', '2025-03-12 15:02:44'),
(134, 134, '309607.20', '2025-01-08 11:56:58'),
(135, 135, '352722.63', '2025-02-20 22:43:41'),
(136, 136, '38667.73', '2025-01-12 19:58:32'),
(137, 137, '416128.50', '2025-02-02 18:54:10'),
(138, 138, '125568.91', '2025-02-11 23:54:28'),
(139, 139, '268360.95', '2025-02-06 07:26:11'),
(140, 140, '545892.56', '2025-01-27 22:13:49'),
(141, 141, '724732.86', '2025-01-27 01:10:42'),
(142, 142, '570427.07', '2025-01-29 00:14:37'),
(143, 143, '844719.27', '2025-02-10 11:41:07'),
(144, 144, '118978.54', '2025-02-04 18:35:54'),
(145, 145, '266203.86', '2025-02-13 02:55:01'),
(146, 146, '113354.21', '2025-02-14 05:26:57'),
(147, 147, '200999.77', '2025-01-05 12:14:26'),
(148, 148, '76108.32', '2025-01-04 10:27:57'),
(149, 149, '255034.84', '2025-02-06 09:59:38'),
(150, 150, '892909.36', '2025-02-19 16:29:04'),
(151, 151, '584340.61', '2025-03-03 08:30:35'),
(152, 152, '921684.39', '2025-01-25 20:20:24'),
(153, 153, '484968.93', '2025-03-16 00:52:20'),
(154, 154, '191451.25', '2025-02-25 14:29:37'),
(155, 155, '182661.09', '2025-02-16 16:21:22'),
(156, 156, '749748.55', '2025-01-04 13:33:35'),
(157, 157, '690073.47', '2025-01-27 13:55:49'),
(158, 158, '726770.41', '2025-03-09 11:40:52'),
(159, 159, '973557.96', '2025-02-19 07:06:08'),
(160, 160, '386203.04', '2025-02-03 04:06:37'),
(161, 161, '944429.26', '2025-02-22 19:15:12'),
(162, 162, '203929.38', '2025-03-09 16:12:18'),
(163, 163, '939895.15', '2025-02-03 00:10:34'),
(164, 164, '995402.92', '2025-02-27 00:08:20'),
(165, 165, '168457.56', '2025-02-06 05:29:54'),
(166, 166, '756166.22', '2025-01-20 12:56:08'),
(167, 167, '13118.81', '2025-02-14 15:10:19'),
(168, 168, '447188.90', '2025-01-17 22:39:05'),
(169, 169, '236289.81', '2025-01-04 00:48:32'),
(170, 170, '585399.37', '2025-03-02 01:32:16'),
(171, 171, '369283.94', '2025-01-31 19:21:56'),
(172, 172, '724161.68', '2025-03-03 07:14:24'),
(173, 173, '441149.90', '2025-02-01 18:50:18'),
(174, 174, '922039.82', '2025-02-08 12:29:16'),
(175, 175, '834928.31', '2025-02-02 00:18:31'),
(176, 176, '205160.59', '2025-01-05 08:31:48'),
(177, 177, '945725.38', '2025-02-24 01:03:30'),
(178, 178, '159222.52', '2025-01-24 16:02:22'),
(179, 179, '219505.62', '2025-01-17 15:23:41'),
(180, 180, '452105.24', '2025-02-16 06:15:50'),
(181, 181, '877002.51', '2025-01-23 23:30:06'),
(182, 182, '641029.37', '2025-02-24 23:59:58'),
(183, 183, '751388.50', '2025-02-12 00:33:50'),
(184, 184, '490057.70', '2025-01-06 16:56:16'),
(185, 185, '220714.93', '2025-03-06 17:36:56'),
(186, 186, '732331.60', '2025-02-22 17:31:36'),
(187, 187, '528351.28', '2025-02-23 19:39:31'),
(188, 188, '1294433.34', '2025-03-15 13:42:13'),
(189, 189, '755551.61', '2025-01-19 20:57:34'),
(190, 190, '177531.12', '2025-02-24 16:05:49'),
(191, 191, '845357.15', '2025-02-25 21:25:27'),
(192, 192, '253584.44', '2025-01-27 04:39:22'),
(193, 193, '725197.72', '2025-01-12 07:31:31'),
(194, 194, '775593.43', '2025-02-13 23:43:22'),
(195, 195, '362688.42', '2025-03-09 04:57:21'),
(196, 196, '855262.83', '2025-01-23 22:18:41'),
(197, 197, '484750.71', '2025-01-14 09:50:55'),
(198, 198, '915289.52', '2025-03-04 23:36:13'),
(199, 199, '211857.50', '2025-01-11 23:20:59'),
(200, 200, '302843.59', '2025-01-28 06:46:23'),
(201, 201, '389790.76', '2025-02-24 22:00:30'),
(202, 202, '797558.89', '2025-01-02 21:27:58'),
(203, 203, '28437.01', '2025-01-21 08:22:45'),
(204, 204, '279338.91', '2025-01-28 00:00:55'),
(205, 205, '53654.02', '2025-03-02 15:00:42'),
(206, 206, '929258.01', '2025-01-24 09:37:31'),
(207, 207, '53972.65', '2025-02-12 13:01:10'),
(208, 208, '759717.16', '2025-02-08 18:47:21'),
(209, 209, '697406.24', '2025-01-03 21:09:16'),
(210, 210, '879087.33', '2025-01-05 23:43:37'),
(211, 211, '725553.82', '2025-02-23 01:24:55'),
(212, 212, '8790.23', '2025-02-20 20:52:19'),
(213, 213, '55733.89', '2025-01-10 09:32:32'),
(214, 214, '893648.02', '2025-02-09 16:43:47'),
(215, 215, '707913.89', '2025-02-17 08:43:48'),
(216, 216, '99336.40', '2025-03-04 04:25:30'),
(217, 217, '244791.71', '2025-01-21 00:27:52'),
(218, 218, '389623.71', '2025-01-24 22:07:57'),
(219, 219, '256694.08', '2025-02-17 15:26:29'),
(220, 220, '533678.03', '2025-02-25 07:13:43'),
(221, 221, '29612.47', '2025-03-02 07:51:56'),
(222, 222, '240522.05', '2025-02-24 12:27:54'),
(223, 223, '178881.02', '2025-01-25 02:45:06'),
(224, 224, '987281.85', '2025-02-27 10:47:42'),
(225, 225, '503740.49', '2025-01-30 08:05:08'),
(226, 226, '534917.74', '2025-03-04 13:35:55'),
(227, 227, '474873.52', '2025-01-09 08:26:30'),
(228, 228, '308142.76', '2025-02-16 03:08:40'),
(229, 229, '889326.27', '2025-02-12 17:03:01'),
(230, 230, '724726.25', '2025-03-02 18:08:15'),
(231, 231, '922518.17', '2025-02-01 15:11:03'),
(232, 232, '183635.67', '2025-03-07 07:25:44'),
(233, 233, '593455.45', '2025-02-25 04:10:50'),
(234, 234, '313680.52', '2025-03-07 19:48:56'),
(235, 235, '770767.45', '2025-01-06 22:04:28'),
(236, 236, '582549.20', '2025-01-18 14:26:05'),
(237, 237, '13428.35', '2025-02-21 05:57:12'),
(238, 238, '546321.94', '2025-02-14 12:46:36'),
(239, 239, '93957.50', '2025-01-21 06:21:41'),
(240, 240, '877802.96', '2025-01-08 20:37:22'),
(241, 241, '566866.88', '2025-02-08 13:23:45'),
(242, 242, '303291.89', '2025-01-14 06:00:21'),
(243, 243, '180740.26', '2025-02-13 04:40:02'),
(244, 244, '713751.50', '2025-02-25 22:12:38'),
(245, 245, '555388.58', '2025-01-12 07:13:07'),
(246, 246, '433408.00', '2025-01-18 16:26:44'),
(247, 247, '566236.34', '2025-03-08 15:45:50'),
(248, 248, '104601.98', '2025-02-23 01:20:17'),
(249, 249, '245614.22', '2025-02-18 13:51:15'),
(250, 250, '507618.69', '2025-02-13 00:17:51'),
(251, 251, '490941.58', '2025-02-23 13:29:29'),
(252, 252, '635883.84', '2025-02-08 17:54:37'),
(253, 253, '192114.44', '2025-02-06 02:16:15'),
(254, 254, '990471.20', '2025-02-11 12:20:52'),
(255, 255, '735236.92', '2025-01-28 15:49:30'),
(256, 256, '63039.66', '2025-02-27 05:40:06'),
(257, 257, '386679.06', '2025-02-09 15:12:38'),
(258, 258, '982334.64', '2025-02-09 13:11:35'),
(259, 259, '730709.19', '2025-01-20 21:28:12'),
(260, 260, '314555.59', '2025-01-16 01:33:34'),
(261, 261, '514134.67', '2025-01-09 10:14:09'),
(262, 262, '452846.97', '2025-01-21 07:16:59'),
(263, 263, '854192.12', '2025-03-01 17:37:07'),
(264, 264, '143234.21', '2025-01-06 06:20:29'),
(265, 265, '824051.96', '2025-01-08 16:31:35'),
(266, 266, '872216.24', '2025-01-13 08:41:41'),
(267, 267, '230294.85', '2025-03-13 08:46:13'),
(268, 268, '870145.31', '2025-02-21 02:42:23'),
(269, 269, '17265.90', '2025-02-24 18:18:22'),
(270, 270, '342485.43', '2025-02-03 13:55:51'),
(271, 271, '720147.78', '2025-02-28 14:10:59'),
(272, 272, '63412.72', '2025-02-26 19:20:04'),
(273, 273, '872927.14', '2025-02-07 18:56:36'),
(274, 274, '195892.13', '2025-01-22 05:17:13'),
(275, 275, '450847.22', '2025-02-12 16:53:05'),
(276, 276, '207038.21', '2025-01-10 15:55:13'),
(277, 277, '35096.32', '2025-03-09 11:44:32'),
(278, 278, '659755.56', '2025-01-18 09:56:41'),
(279, 279, '377059.70', '2025-03-04 16:54:29'),
(280, 280, '737603.06', '2025-02-13 01:47:05'),
(281, 281, '50673.55', '2025-03-04 18:34:34'),
(282, 282, '532400.56', '2025-01-03 01:40:58'),
(283, 283, '558233.03', '2025-02-13 21:16:17'),
(284, 284, '276472.18', '2025-01-22 13:01:49'),
(285, 285, '496468.97', '2025-02-03 08:58:45'),
(286, 286, '651461.77', '2025-01-06 10:26:35'),
(287, 287, '407446.68', '2025-01-20 02:32:26'),
(288, 288, '834592.95', '2025-02-22 10:25:29'),
(289, 289, '638576.30', '2025-01-17 14:46:12'),
(290, 290, '240977.27', '2025-01-29 22:27:07'),
(291, 291, '804596.03', '2025-01-12 15:52:46'),
(292, 292, '63438.59', '2025-01-27 19:45:41'),
(293, 293, '639752.39', '2025-02-13 00:28:00'),
(294, 294, '209939.14', '2025-03-10 03:01:52'),
(295, 295, '899946.13', '2025-02-04 02:33:15'),
(296, 296, '251882.73', '2025-01-05 02:15:04'),
(297, 297, '846374.88', '2025-02-14 05:59:43'),
(298, 298, '843326.40', '2025-03-03 06:15:47'),
(299, 299, '980762.34', '2025-01-21 08:01:25'),
(300, 300, '628274.49', '2025-03-09 15:51:46'),
(301, 301, '486988.42', '2025-03-10 15:07:10'),
(302, 302, '351931.53', '2025-02-16 17:22:24'),
(303, 303, '223523.78', '2025-02-22 07:53:49'),
(304, 304, '405925.19', '2025-01-07 12:28:12'),
(305, 305, '278890.03', '2025-01-31 13:28:24'),
(306, 306, '632332.16', '2025-03-09 23:56:05'),
(307, 307, '290986.09', '2025-02-12 01:53:23'),
(308, 308, '522506.97', '2025-01-25 03:11:51'),
(309, 309, '226800.01', '2025-03-15 22:55:44'),
(310, 310, '902021.28', '2025-03-08 00:12:42'),
(311, 311, '535399.53', '2025-01-28 02:34:25'),
(312, 312, '535317.16', '2025-01-10 15:52:30'),
(313, 313, '73706.85', '2025-02-15 06:00:37'),
(314, 314, '666341.31', '2025-02-02 16:14:26'),
(315, 315, '837899.16', '2025-01-30 19:08:07'),
(316, 316, '499353.92', '2025-02-08 13:14:33'),
(317, 317, '341097.13', '2025-01-10 04:23:09'),
(318, 318, '740647.21', '2025-02-15 16:32:44'),
(319, 319, '184152.66', '2025-02-08 11:51:58'),
(320, 320, '118746.04', '2025-03-11 12:27:37'),
(321, 321, '609639.78', '2025-02-21 00:02:55'),
(322, 322, '694494.98', '2025-01-25 17:07:26'),
(323, 323, '777097.60', '2025-02-08 17:15:20'),
(324, 324, '390181.59', '2025-01-31 04:52:02'),
(325, 325, '946569.13', '2025-01-07 18:46:03'),
(326, 326, '494830.86', '2025-02-19 00:07:38'),
(327, 327, '493410.11', '2025-03-07 15:42:03'),
(328, 328, '919572.98', '2025-03-03 17:01:37'),
(329, 329, '252512.67', '2025-01-19 01:18:17'),
(330, 330, '120601.53', '2025-01-19 18:26:21'),
(331, 331, '890259.10', '2025-03-08 08:56:19'),
(332, 332, '594351.11', '2025-01-13 04:34:53'),
(333, 333, '538087.94', '2025-02-28 10:47:32'),
(334, 334, '313580.30', '2025-01-21 03:29:43'),
(335, 335, '201150.91', '2025-01-16 11:12:59'),
(336, 336, '7878.92', '2025-02-17 17:48:16'),
(337, 337, '254769.50', '2025-01-09 12:19:17'),
(338, 338, '306833.52', '2025-01-25 21:43:48'),
(339, 339, '633989.26', '2025-02-17 07:46:26'),
(340, 340, '737347.48', '2025-01-29 12:27:17'),
(341, 341, '612324.73', '2025-01-05 04:24:13'),
(342, 342, '476123.52', '2025-01-10 03:45:12'),
(343, 343, '815088.04', '2025-01-08 14:56:18'),
(344, 344, '12817.32', '2025-03-13 05:11:11'),
(345, 345, '362211.99', '2025-01-29 14:26:01'),
(346, 346, '810733.97', '2025-02-21 17:11:27'),
(347, 347, '429586.85', '2025-02-28 09:16:53'),
(348, 348, '303687.39', '2025-03-08 13:04:07'),
(349, 349, '283948.11', '2025-03-16 00:52:11'),
(350, 350, '398093.02', '2025-02-04 08:16:48'),
(351, 351, '420086.29', '2025-02-13 13:05:51'),
(352, 352, '825333.33', '2025-02-28 16:05:05'),
(353, 353, '770575.23', '2025-03-08 04:40:49'),
(354, 354, '965037.91', '2025-02-24 03:59:16'),
(355, 355, '192146.48', '2025-01-23 00:41:49'),
(356, 356, '773609.45', '2025-02-02 08:07:27'),
(357, 357, '811668.41', '2025-01-02 04:16:21'),
(358, 358, '135318.35', '2025-02-18 00:38:21'),
(359, 359, '684115.84', '2025-02-01 08:45:28'),
(360, 360, '850392.44', '2025-01-16 05:47:12'),
(361, 361, '587135.21', '2025-01-20 08:27:50'),
(362, 362, '639813.54', '2025-02-03 13:22:03'),
(363, 363, '842552.13', '2025-01-08 09:31:24'),
(364, 364, '598641.86', '2025-02-14 08:55:06'),
(365, 365, '743406.86', '2025-02-11 20:20:09'),
(366, 366, '359414.96', '2025-01-26 02:18:01'),
(367, 367, '568431.69', '2025-01-02 19:51:22'),
(368, 368, '401142.59', '2025-02-13 15:40:17'),
(369, 369, '727230.52', '2025-01-01 05:43:13'),
(370, 370, '522009.37', '2025-02-09 12:04:48'),
(371, 371, '646043.52', '2025-01-28 19:55:59'),
(372, 372, '637285.89', '2025-02-05 07:23:54'),
(373, 373, '582211.51', '2025-01-06 09:14:42'),
(374, 374, '169357.17', '2025-03-01 05:01:20'),
(375, 375, '476312.15', '2025-02-19 00:04:59'),
(376, 376, '210458.75', '2025-02-10 15:13:47'),
(377, 377, '509176.89', '2025-01-24 17:22:13'),
(378, 378, '571116.25', '2025-03-02 04:46:17'),
(379, 379, '219284.64', '2025-01-15 14:37:50'),
(381, 381, '642242.90', '2025-01-31 00:37:47'),
(382, 382, '449252.67', '2025-02-19 08:58:51'),
(383, 383, '240520.97', '2025-01-17 01:27:17'),
(384, 384, '448376.57', '2025-01-09 18:05:01'),
(385, 385, '216380.03', '2025-01-17 15:12:27'),
(386, 386, '126102.31', '2025-03-07 14:46:47'),
(387, 387, '425322.15', '2025-02-13 09:52:50'),
(388, 388, '94126.82', '2025-01-16 14:48:08'),
(389, 389, '947263.93', '2025-01-11 22:28:10'),
(390, 390, '562090.31', '2025-02-05 03:00:39'),
(391, 391, '357919.35', '2025-03-01 04:21:05'),
(392, 392, '949035.34', '2025-02-07 10:20:33'),
(393, 393, '726861.78', '2025-01-23 15:35:14'),
(394, 394, '684368.52', '2025-02-04 13:56:32'),
(395, 395, '201064.64', '2025-02-13 03:58:20'),
(396, 396, '866487.88', '2025-02-24 00:51:19'),
(397, 397, '711958.09', '2025-01-27 19:43:54'),
(398, 398, '994784.77', '2025-02-13 05:34:11'),
(399, 399, '7225.18', '2025-03-10 03:15:48'),
(400, 400, '180908.67', '2025-03-13 07:43:15'),
(401, 401, '315681.53', '2025-03-04 11:58:18'),
(402, 402, '291426.12', '2025-03-06 00:35:03'),
(403, 403, '21345.16', '2025-03-10 06:56:13'),
(404, 404, '655610.22', '2025-03-13 00:53:18'),
(405, 405, '839231.27', '2025-02-24 23:22:53'),
(406, 406, '713038.11', '2025-01-11 11:33:21'),
(407, 407, '451202.24', '2025-01-21 09:15:15'),
(408, 408, '56184.19', '2025-02-24 15:47:38'),
(409, 409, '852798.76', '2025-02-02 01:03:05'),
(410, 410, '166672.11', '2025-02-02 03:10:31'),
(411, 411, '687034.37', '2025-01-13 22:35:37'),
(412, 412, '833828.56', '2025-01-18 13:36:48'),
(413, 413, '695008.57', '2025-02-25 17:37:16'),
(414, 414, '639068.61', '2025-03-05 13:57:51'),
(415, 415, '845135.67', '2025-01-13 10:08:40'),
(416, 416, '403948.50', '2025-03-04 19:30:30'),
(417, 417, '383016.42', '2025-02-01 22:34:32'),
(418, 418, '827417.60', '2025-02-23 09:26:15'),
(419, 419, '729351.19', '2025-03-07 15:24:31'),
(420, 420, '668582.57', '2025-02-10 12:36:04'),
(421, 421, '708784.45', '2025-02-05 01:49:24'),
(422, 422, '381662.37', '2025-01-26 18:03:48'),
(423, 423, '859896.11', '2025-02-07 06:41:22'),
(424, 424, '554338.50', '2025-02-07 01:18:57'),
(425, 425, '941267.43', '2025-02-27 18:10:30'),
(426, 426, '469783.28', '2025-01-18 07:42:22'),
(427, 427, '648225.82', '2025-03-13 09:33:32'),
(428, 428, '706931.73', '2025-02-21 01:09:14'),
(429, 429, '866616.83', '2025-02-22 17:19:03'),
(430, 430, '875438.77', '2025-02-24 22:19:32'),
(431, 431, '390888.81', '2025-03-05 16:48:05'),
(432, 432, '88283.16', '2025-01-16 23:11:35'),
(433, 433, '472428.92', '2025-02-11 01:02:54'),
(434, 434, '551258.72', '2025-01-19 16:20:30'),
(435, 435, '431524.95', '2025-03-03 19:33:21'),
(436, 436, '147575.17', '2025-03-02 06:22:14'),
(437, 437, '982149.43', '2025-01-22 11:36:57'),
(438, 438, '736748.61', '2025-01-17 23:37:24'),
(439, 439, '854719.27', '2025-02-23 03:06:41'),
(440, 440, '963953.05', '2025-03-12 04:47:20'),
(441, 441, '583143.93', '2025-01-12 09:54:47'),
(442, 442, '421452.06', '2025-02-23 05:24:54'),
(443, 443, '982107.19', '2025-01-17 14:27:04'),
(444, 444, '402194.12', '2025-02-17 09:56:42'),
(445, 445, '566175.36', '2025-01-21 10:34:29'),
(446, 446, '475824.87', '2025-01-22 08:10:16'),
(447, 447, '98807.77', '2025-02-06 14:29:48'),
(448, 448, '852177.97', '2025-02-22 17:58:13'),
(449, 449, '492142.63', '2025-02-03 00:23:24'),
(450, 450, '358572.50', '2025-01-06 14:57:07'),
(451, 451, '813499.83', '2025-01-25 17:51:18'),
(452, 452, '517859.90', '2025-01-08 19:44:51'),
(453, 453, '855138.50', '2025-02-07 04:13:36'),
(455, 455, '347513.78', '2025-02-01 07:44:07'),
(456, 456, '370259.12', '2025-03-10 17:34:02'),
(457, 457, '990317.67', '2025-01-23 11:34:00'),
(458, 458, '992897.17', '2025-01-27 06:25:39'),
(459, 459, '767260.07', '2025-02-16 07:59:07'),
(460, 460, '952187.76', '2025-02-28 23:32:39'),
(461, 461, '690586.25', '2025-01-04 17:56:29'),
(462, 462, '106654.21', '2025-03-03 16:00:54'),
(463, 463, '240136.30', '2025-01-15 05:57:10'),
(464, 464, '99209.04', '2025-02-22 10:15:48'),
(465, 465, '749625.20', '2025-03-06 05:17:31'),
(466, 466, '926965.75', '2025-02-16 22:24:53'),
(467, 467, '801339.39', '2025-02-03 19:05:53'),
(468, 468, '578513.29', '2025-02-26 07:48:59'),
(469, 469, '146630.17', '2025-02-18 12:28:53'),
(470, 470, '184214.97', '2025-02-02 06:19:48'),
(471, 471, '488282.09', '2025-01-24 19:20:20'),
(472, 472, '677731.04', '2025-02-05 01:51:27'),
(473, 473, '630736.41', '2025-01-20 05:44:58'),
(474, 474, '964570.48', '2025-02-20 21:48:39'),
(475, 475, '198242.63', '2025-03-08 05:03:39'),
(476, 476, '557890.79', '2025-02-24 06:35:21'),
(477, 477, '297237.96', '2025-02-03 21:06:54'),
(478, 478, '196285.23', '2025-01-11 06:41:00'),
(479, 479, '561241.09', '2025-01-04 20:23:57'),
(480, 480, '816783.58', '2025-01-22 21:24:29'),
(481, 481, '568343.84', '2025-01-28 06:15:02'),
(482, 482, '624849.99', '2025-03-11 23:58:41'),
(483, 483, '845672.87', '2025-03-04 21:20:52'),
(484, 484, '754238.95', '2025-02-13 05:43:05'),
(485, 485, '460839.25', '2025-01-07 06:15:37'),
(486, 486, '720434.66', '2025-02-21 11:16:22'),
(487, 487, '361918.28', '2025-01-07 18:42:49'),
(488, 488, '989547.25', '2025-03-02 12:40:18'),
(489, 489, '322276.76', '2025-01-05 05:58:02'),
(490, 490, '292149.60', '2025-01-20 15:55:47'),
(491, 491, '433233.80', '2025-03-10 20:44:45'),
(492, 492, '781127.28', '2025-02-19 05:33:08'),
(493, 493, '318258.78', '2025-02-24 05:25:29'),
(494, 494, '999243.44', '2025-01-31 17:32:34'),
(495, 495, '559370.91', '2025-01-14 09:09:06'),
(496, 496, '983498.92', '2025-02-28 19:04:23'),
(497, 497, '869988.81', '2025-03-05 01:19:15'),
(498, 498, '202566.97', '2025-01-19 21:43:26'),
(499, 499, '211565.08', '2025-01-04 18:47:15'),
(500, 500, '450234.59', '2025-01-20 10:20:21'),
(501, 501, '252089.64', '2025-02-05 18:37:46'),
(502, 502, '888006.77', '2025-02-18 09:49:06'),
(503, 503, '9389.83', '2025-01-26 14:06:36'),
(504, 504, '571153.81', '2025-03-10 08:18:08'),
(505, 505, '710365.18', '2025-01-27 04:11:22'),
(506, 506, '763256.20', '2025-02-13 07:29:20'),
(507, 507, '447942.22', '2025-01-08 11:38:31'),
(508, 508, '457374.89', '2025-01-24 23:13:07'),
(509, 509, '125913.21', '2025-02-12 15:02:35'),
(510, 510, '784675.16', '2025-01-11 22:37:45'),
(511, 511, '243995.24', '2025-01-02 22:50:56'),
(512, 512, '953530.77', '2025-02-10 21:38:34'),
(513, 513, '784423.74', '2025-01-14 14:24:35'),
(514, 514, '269633.75', '2025-02-21 18:45:47'),
(515, 515, '622754.20', '2025-02-05 22:12:33'),
(516, 516, '597201.30', '2025-03-02 21:23:17'),
(517, 517, '117274.74', '2025-01-10 16:22:38'),
(518, 518, '278236.96', '2025-02-23 08:41:47'),
(519, 519, '444081.98', '2025-02-26 05:29:41'),
(520, 520, '434843.89', '2025-02-16 07:57:17'),
(521, 521, '95700.27', '2025-01-01 00:01:55'),
(522, 522, '168327.79', '2025-03-12 14:22:11'),
(523, 523, '413493.54', '2025-02-19 15:41:15'),
(524, 524, '156686.77', '2025-01-31 04:07:28'),
(525, 525, '315361.20', '2025-01-24 00:12:34'),
(526, 526, '871982.08', '2025-01-11 16:29:49'),
(527, 527, '884749.83', '2025-01-17 03:53:39'),
(528, 528, '708522.30', '2025-01-11 21:48:27'),
(529, 529, '845289.77', '2025-02-10 11:11:43'),
(530, 530, '546313.82', '2025-03-07 00:03:03'),
(531, 531, '213821.22', '2025-03-03 19:04:29'),
(532, 532, '992106.61', '2025-01-06 01:09:58'),
(533, 533, '818484.13', '2025-01-05 17:12:55'),
(534, 534, '216394.01', '2025-03-08 23:10:54'),
(535, 535, '233979.19', '2025-01-22 11:09:03'),
(536, 536, '784366.91', '2025-02-01 11:15:25'),
(537, 537, '671502.87', '2025-03-06 12:43:42'),
(538, 538, '202716.47', '2025-02-18 14:34:15'),
(539, 539, '576430.11', '2025-03-12 06:12:32'),
(540, 540, '111758.31', '2025-02-11 06:21:47'),
(541, 541, '606634.32', '2025-01-09 19:06:37'),
(542, 542, '461801.10', '2025-01-30 14:46:56'),
(543, 543, '585203.33', '2025-02-27 16:26:32'),
(544, 544, '443742.63', '2025-01-25 00:13:11'),
(545, 545, '541668.49', '2025-01-06 13:45:11'),
(546, 546, '280284.29', '2025-02-12 08:23:17'),
(547, 547, '896801.02', '2025-01-29 10:14:08'),
(548, 548, '112485.41', '2025-02-22 11:54:33'),
(549, 549, '120000.72', '2025-01-06 19:15:18'),
(550, 550, '660427.45', '2025-03-02 19:56:53'),
(551, 551, '432380.92', '2025-02-14 00:52:43'),
(552, 552, '619867.32', '2025-01-05 19:33:43'),
(553, 553, '280683.09', '2025-02-25 00:47:04'),
(554, 554, '733136.10', '2025-03-05 21:59:51'),
(555, 555, '212341.43', '2025-02-09 04:38:10'),
(556, 556, '180474.01', '2025-03-08 00:07:51'),
(557, 557, '707091.79', '2025-03-09 07:37:25'),
(558, 558, '18553.04', '2025-02-16 04:46:38'),
(559, 559, '825768.40', '2025-02-23 11:42:39'),
(560, 560, '537120.67', '2025-02-21 08:58:28'),
(561, 561, '547592.45', '2025-01-23 12:31:08'),
(562, 562, '50387.44', '2025-02-05 18:58:13'),
(563, 563, '633660.05', '2025-02-01 02:20:47'),
(564, 564, '750080.26', '2025-02-24 08:40:38'),
(565, 565, '820781.10', '2025-01-05 06:46:16'),
(566, 566, '795667.77', '2025-01-26 02:14:33'),
(567, 567, '369678.23', '2025-01-01 20:49:18'),
(568, 568, '702775.63', '2025-02-08 20:50:32'),
(569, 569, '511695.86', '2025-02-15 18:46:11'),
(570, 570, '237931.23', '2025-02-13 20:10:46'),
(571, 571, '196946.09', '2025-01-31 17:28:25'),
(572, 572, '304274.34', '2025-01-11 14:30:03'),
(573, 573, '537096.23', '2025-03-13 05:30:00'),
(574, 574, '917868.73', '2025-01-01 08:38:51'),
(575, 575, '163485.02', '2025-02-18 06:00:58'),
(576, 576, '313080.56', '2025-03-11 12:13:28'),
(577, 577, '28370.26', '2025-02-26 06:06:39'),
(578, 578, '628960.61', '2025-01-26 15:35:58'),
(579, 579, '94061.16', '2025-02-18 21:43:14'),
(580, 580, '42078.27', '2025-02-20 11:48:08'),
(581, 581, '191168.08', '2025-02-10 15:46:12'),
(582, 582, '383503.93', '2025-02-23 18:29:20'),
(583, 583, '840658.99', '2025-02-02 06:16:23'),
(584, 584, '231113.56', '2025-02-01 21:20:46'),
(585, 585, '57925.55', '2025-02-13 07:25:32'),
(586, 586, '57169.82', '2025-01-13 21:52:42'),
(587, 587, '475069.85', '2025-02-16 11:34:10'),
(588, 588, '917030.22', '2025-02-25 11:34:11'),
(589, 589, '766823.36', '2025-02-23 00:52:16'),
(590, 590, '260820.43', '2025-01-04 22:50:16'),
(591, 591, '605690.92', '2025-03-13 06:10:55'),
(592, 592, '160060.83', '2025-02-24 01:26:11'),
(593, 593, '328101.31', '2025-01-03 04:26:00'),
(594, 594, '815254.39', '2025-01-14 10:27:46'),
(595, 595, '51567.37', '2025-02-20 18:34:21'),
(596, 596, '337202.62', '2025-02-26 08:26:31'),
(597, 597, '100028.37', '2025-02-19 08:43:54'),
(598, 598, '428063.02', '2025-02-13 14:42:37'),
(599, 599, '441960.51', '2025-01-28 12:36:28'),
(600, 600, '927513.77', '2025-02-24 08:45:34'),
(601, 601, '788297.36', '2025-02-03 00:02:36'),
(602, 602, '577917.11', '2025-02-28 09:03:04'),
(603, 603, '811924.48', '2025-02-23 01:08:13'),
(604, 604, '959786.85', '2025-03-11 08:36:59'),
(605, 605, '488680.12', '2025-01-24 22:01:59'),
(606, 606, '724860.04', '2025-01-19 19:19:22'),
(607, 607, '512954.31', '2025-02-28 10:05:35'),
(608, 608, '775454.12', '2025-03-10 16:36:29'),
(609, 609, '901038.85', '2025-03-09 16:56:35'),
(610, 610, '31533.99', '2025-02-17 06:47:40'),
(611, 611, '943792.16', '2025-02-09 09:56:34'),
(612, 612, '285914.93', '2025-02-07 09:37:55'),
(613, 613, '989445.05', '2025-01-23 12:35:32'),
(614, 614, '726649.50', '2025-03-06 09:07:35'),
(615, 615, '971831.28', '2025-02-14 05:41:24'),
(616, 616, '931979.63', '2025-01-07 15:14:20'),
(617, 617, '572993.16', '2025-01-07 14:22:22'),
(618, 618, '746973.87', '2025-01-21 07:45:19'),
(619, 619, '454230.12', '2025-02-20 00:00:41'),
(620, 620, '372399.17', '2025-01-25 09:40:23'),
(621, 621, '98109.24', '2025-01-16 07:45:56'),
(622, 622, '129778.09', '2025-01-26 18:03:50'),
(623, 623, '778655.18', '2025-01-10 23:16:22'),
(624, 624, '216417.80', '2025-01-01 22:03:55'),
(625, 625, '760758.35', '2025-03-06 10:36:00'),
(626, 626, '261899.80', '2025-02-13 04:04:35'),
(627, 627, '118744.17', '2025-02-08 14:20:45'),
(628, 628, '602456.28', '2025-01-22 10:49:27'),
(629, 629, '338832.05', '2025-02-14 03:42:44'),
(630, 630, '999059.79', '2025-03-02 02:33:23'),
(631, 631, '701890.93', '2025-01-28 01:10:51'),
(632, 632, '20039.88', '2025-02-17 14:55:06'),
(633, 633, '920431.21', '2025-02-04 06:05:52'),
(634, 634, '671201.30', '2025-01-12 09:25:32'),
(635, 635, '313555.22', '2025-02-26 03:29:32'),
(636, 636, '238648.87', '2025-02-05 14:54:47'),
(637, 637, '253487.39', '2025-01-14 05:47:10'),
(640, 640, '98557685.61', '2025-03-25 12:31:33'),
(641, 641, '111000.00', '2025-03-25 12:31:33'),
(642, 642, '712731.40', '2025-03-16 00:52:20'),
(643, 644, '6000.00', '2025-03-23 23:31:31'),
(644, 645, '10000.00', '2025-03-25 06:26:51');

--
-- Indexes for dumped tables
--

--
-- Indexes for table `courses`
--
ALTER TABLE `courses`
  ADD PRIMARY KEY (`course_id`);

--
-- Indexes for table `favorites`
--
ALTER TABLE `favorites`
  ADD PRIMARY KEY (`favorite_id`),
  ADD KEY `buyer_id` (`buyer_id`),
  ADD KEY `material_id` (`material_id`);

--
-- Indexes for table `materials`
--
ALTER TABLE `materials`
  ADD PRIMARY KEY (`material_id`),
  ADD KEY `seller_id` (`seller_id`),
  ADD KEY `course_id` (`course_id`);

--
-- Indexes for table `profiles`
--
ALTER TABLE `profiles`
  ADD PRIMARY KEY (`profile_id`),
  ADD UNIQUE KEY `user_id` (`user_id`);

--
-- Indexes for table `reviews`
--
ALTER TABLE `reviews`
  ADD PRIMARY KEY (`review_id`),
  ADD KEY `material_id` (`material_id`),
  ADD KEY `buyer_id` (`buyer_id`);

--
-- Indexes for table `transactions`
--
ALTER TABLE `transactions`
  ADD PRIMARY KEY (`transaction_id`),
  ADD KEY `material_id` (`material_id`),
  ADD KEY `buyer_id` (`buyer_id`),
  ADD KEY `seller_id` (`seller_id`);

--
-- Indexes for table `users`
--
ALTER TABLE `users`
  ADD PRIMARY KEY (`user_id`),
  ADD UNIQUE KEY `email` (`email`);

--
-- Indexes for table `wallets`
--
ALTER TABLE `wallets`
  ADD PRIMARY KEY (`wallet_id`),
  ADD UNIQUE KEY `user_id` (`user_id`);

--
-- AUTO_INCREMENT for dumped tables
--

--
-- AUTO_INCREMENT for table `courses`
--
ALTER TABLE `courses`
  MODIFY `course_id` int NOT NULL AUTO_INCREMENT, AUTO_INCREMENT=16;

--
-- AUTO_INCREMENT for table `favorites`
--
ALTER TABLE `favorites`
  MODIFY `favorite_id` int NOT NULL AUTO_INCREMENT, AUTO_INCREMENT=994;

--
-- AUTO_INCREMENT for table `materials`
--
ALTER TABLE `materials`
  MODIFY `material_id` int NOT NULL AUTO_INCREMENT, AUTO_INCREMENT=150;

--
-- AUTO_INCREMENT for table `profiles`
--
ALTER TABLE `profiles`
  MODIFY `profile_id` int NOT NULL AUTO_INCREMENT, AUTO_INCREMENT=560;

--
-- AUTO_INCREMENT for table `reviews`
--
ALTER TABLE `reviews`
  MODIFY `review_id` int NOT NULL AUTO_INCREMENT, AUTO_INCREMENT=250;

--
-- AUTO_INCREMENT for table `transactions`
--
ALTER TABLE `transactions`
  MODIFY `transaction_id` int NOT NULL AUTO_INCREMENT, AUTO_INCREMENT=657;

--
-- AUTO_INCREMENT for table `users`
--
ALTER TABLE `users`
  MODIFY `user_id` int NOT NULL AUTO_INCREMENT, AUTO_INCREMENT=646;

--
-- AUTO_INCREMENT for table `wallets`
--
ALTER TABLE `wallets`
  MODIFY `wallet_id` int NOT NULL AUTO_INCREMENT, AUTO_INCREMENT=645;

--
-- Constraints for dumped tables
--

--
-- Constraints for table `favorites`
--
ALTER TABLE `favorites`
  ADD CONSTRAINT `favorites_ibfk_1` FOREIGN KEY (`buyer_id`) REFERENCES `users` (`user_id`) ON DELETE CASCADE,
  ADD CONSTRAINT `favorites_ibfk_2` FOREIGN KEY (`material_id`) REFERENCES `materials` (`material_id`) ON DELETE CASCADE;

--
-- Constraints for table `materials`
--
ALTER TABLE `materials`
  ADD CONSTRAINT `materials_ibfk_1` FOREIGN KEY (`seller_id`) REFERENCES `users` (`user_id`) ON DELETE CASCADE,
  ADD CONSTRAINT `materials_ibfk_2` FOREIGN KEY (`course_id`) REFERENCES `courses` (`course_id`) ON DELETE CASCADE;

--
-- Constraints for table `profiles`
--
ALTER TABLE `profiles`
  ADD CONSTRAINT `profiles_ibfk_1` FOREIGN KEY (`user_id`) REFERENCES `users` (`user_id`) ON DELETE CASCADE;

--
-- Constraints for table `reviews`
--
ALTER TABLE `reviews`
  ADD CONSTRAINT `reviews_ibfk_1` FOREIGN KEY (`material_id`) REFERENCES `materials` (`material_id`) ON DELETE CASCADE,
  ADD CONSTRAINT `reviews_ibfk_2` FOREIGN KEY (`buyer_id`) REFERENCES `users` (`user_id`) ON DELETE CASCADE;

--
-- Constraints for table `transactions`
--
ALTER TABLE `transactions`
  ADD CONSTRAINT `transactions_ibfk_1` FOREIGN KEY (`material_id`) REFERENCES `materials` (`material_id`) ON DELETE CASCADE,
  ADD CONSTRAINT `transactions_ibfk_2` FOREIGN KEY (`buyer_id`) REFERENCES `users` (`user_id`) ON DELETE CASCADE,
  ADD CONSTRAINT `transactions_ibfk_3` FOREIGN KEY (`seller_id`) REFERENCES `users` (`user_id`) ON DELETE CASCADE;

--
-- Constraints for table `wallets`
--
ALTER TABLE `wallets`
  ADD CONSTRAINT `wallets_ibfk_1` FOREIGN KEY (`user_id`) REFERENCES `users` (`user_id`) ON DELETE CASCADE;
COMMIT;

/*!40101 SET CHARACTER_SET_CLIENT=@OLD_CHARACTER_SET_CLIENT */;
/*!40101 SET CHARACTER_SET_RESULTS=@OLD_CHARACTER_SET_RESULTS */;
/*!40101 SET COLLATION_CONNECTION=@OLD_COLLATION_CONNECTION */;
